LATITUDE,LONGITUDE
41.481572,-81.74766600000001
41.482319,-81.743548
41.482428999999996,-81.743548
41.478056,-81.749939
41.4776,-81.74730600000001
41.477674,-81.74730600000001
41.482956,-81.740567
41.484996,-81.73164399999999
41.477434,-81.73926
41.479656,-81.737447
41.479002,-81.737022
41.479462,-81.729508
41.477176,-81.72483299999999
41.48101,-81.724825
41.481119,-81.724825
41.479027,-81.720428
41.481667,-81.72054399999999
41.479929999999996,-81.720427
41.476612,-81.696309
41.481378,-81.68355799999999
41.466782,-81.75748
41.469003,-81.758028
41.472468,-81.758484
41.474053000000005,-81.758496
41.474655,-81.7585
41.47501,-81.759474
41.47609,-81.756514
41.474942999999996,-81.75905999999999
41.473255,-81.74940600000001
41.473733,-81.748212
41.476149,-81.747709
41.475553000000005,-81.750011
41.475936,-81.750291
41.475936,-81.75014499999999
41.476446,-81.749703
41.47226,-81.74351800000001
41.476225,-81.74038900000001
41.475316,-81.73824499999999
41.47531,-81.739139
41.474918,-81.738947
41.474453000000004,-81.73881300000001
41.474492,-81.73869599999999
41.475640000000006,-81.73998
41.475719,-81.73562700000001
41.475721,-81.735372
41.475722,-81.735244
41.474819000000004,-81.736142
41.476213,-81.735344
41.472675,-81.738274
41.472775,-81.737974
41.472418,-81.73775699999999
41.472379,-81.737873
41.473849,-81.73768199999999
41.473862,-81.737624
41.473909,-81.737504
41.473849,-81.736427
41.473147,-81.736499
41.473339,-81.73628000000001
41.473417,-81.736046
41.475568,-81.730982
41.475365000000004,-81.731838
41.475725,-81.734525
41.475725,-81.732235
41.47622,-81.732573
41.476428000000006,-81.734624
41.476859000000005,-81.73355
41.475131,-81.733796
41.473944,-81.734655
41.475131,-81.730906
41.473304,-81.73197900000001
41.469961,-81.73581800000001
41.469854,-81.732668
41.469861,-81.732157
41.476781,-81.717024
41.476312,-81.71734599999999
41.476783000000005,-81.71723399999999
41.477090999999994,-81.718554
41.476999,-81.71674399999999
41.470863,-81.72242299999999
41.470189000000005,-81.722409
41.470662,-81.719575
41.470791999999996,-81.718905
41.464184,-81.739142
41.464195000000004,-81.739434
41.469271,-81.738697
41.467524,-81.73660600000001
41.46931,-81.735011
41.467406,-81.734737
41.468454,-81.73536899999999
41.477534999999996,-81.715891
41.473728,-81.7162
41.476745,-81.71210699999999
41.477146000000005,-81.70996099999999
41.477145,-81.709825
41.478195,-81.709979
41.480543,-81.70938199999999
41.480742,-81.704796
41.478863,-81.70329699999999
41.478716,-81.70320799999999
41.47285,-81.704755
41.475702000000005,-81.70324699999999
41.476040999999995,-81.703239
41.475996,-81.702973
41.475937,-81.70121400000001
41.476293,-81.700037
41.475057,-81.702504
41.470694,-81.70319
41.467059000000006,-81.713589
41.466301,-81.714549
41.466685999999996,-81.714259
41.466184000000005,-81.71480600000001
41.468488,-81.714991
41.468577,-81.715631
41.468385,-81.71562800000001
41.467268,-81.716004
41.467055,-81.71384499999999
41.468483,-81.712475
41.468756,-81.707838
41.466941999999996,-81.70392199999999
41.466813,-81.70392
41.46649,-81.703914
41.466144,-81.703905
41.467513000000004,-81.70393100000001
41.467998,-81.70398399999999
41.468241,-81.70119
41.472458,-81.697682
41.469073,-81.695429
41.469632,-81.695319
41.471371000000005,-81.68924399999999
41.466781,-81.68900500000001
41.467447,-81.68770699999999
41.464702,-81.694537
41.453286,-81.698948
41.453284000000004,-81.699275
41.453281,-81.69960999999999
41.452729,-81.691612
41.449852,-81.700141
41.448001,-81.696989
41.448173,-81.697488
41.44838,-81.698059
41.448707,-81.698231
41.446633,-81.699061
41.446348,-81.698039
41.446252,-81.698043
41.451048,-81.693466
41.438503999999995,-81.699062
41.444132,-81.693637
41.443195,-81.692854
41.436412,-81.687885
41.436997,-81.688496
41.433378000000005,-81.705952
41.434511,-81.702451
41.430306,-81.713175
41.429978999999996,-81.71183
41.430304,-81.709848
41.432019,-81.705378
41.431343,-81.70248199999999
41.426415999999996,-81.71861
41.43496,-81.71237099999999
41.458643,-81.733897
41.458773,-81.732065
41.457309,-81.729019
41.457427,-81.730719
41.441604999999996,-81.706099
41.444485,-81.707773
41.443535,-81.706982
41.437234000000004,-81.706133
41.436532,-81.70415
41.464832,-81.716096
41.46508,-81.70454699999999
41.465266,-81.706914
41.465267,-81.706799
41.464467,-81.704531
41.464088000000004,-81.702641
41.465206,-81.702787
41.461034000000005,-81.71502
41.461403999999995,-81.71548
41.462270000000004,-81.71469300000001
41.462270000000004,-81.714824
41.461890000000004,-81.71184000000001
41.461890000000004,-81.711577
41.462778,-81.708119
41.460571,-81.710091
41.451708,-81.708119
41.454264,-81.70879000000001
41.451445,-81.703316
41.462569,-81.72949
41.466608,-81.727991
41.462615,-81.724314
41.463601000000004,-81.7238
41.464875,-81.72264
41.464801,-81.72264100000001
41.462596999999995,-81.72150699999999
41.467037,-81.724958
41.465401,-81.722767
41.46826,-81.724275
41.46777,-81.724956
41.463294,-81.719574
41.463235,-81.718588
41.463312,-81.717691
41.462928999999995,-81.717647
41.465616,-81.72084699999999
41.466559000000004,-81.72033
41.466633,-81.718588
41.465503000000005,-81.718778
41.467057000000004,-81.71682
41.467108,-81.720448
41.467535999999996,-81.716824
41.467327000000004,-81.720325
41.458835,-81.729672
41.458906,-81.728528
41.459666999999996,-81.728914
41.460436,-81.728913
41.461543,-81.73022900000001
41.458078,-81.72705400000001
41.458869,-81.726449
41.459317,-81.72251899999999
41.460091999999996,-81.722815
41.460814,-81.723232
41.46118,-81.723582
41.461636,-81.72551800000001
41.460465,-81.725912
41.457301,-81.721252
41.456920000000004,-81.722096
41.460527,-81.71765400000001
41.461543,-81.719103
41.466374,-81.748073
41.468979,-81.746398
41.46822,-81.747025
41.467176,-81.747452
41.467046,-81.748067
41.467968,-81.74509499999999
41.465926,-81.745524
41.464857,-81.744475
41.465375,-81.745118
41.459126,-81.749301
41.459032,-81.747812
41.454158,-81.772544
41.455681,-81.77923100000001
41.454408,-81.778873
41.452684000000005,-81.768198
41.451097999999995,-81.765897
41.451398,-81.75965500000001
41.446242,-81.768378
41.447404,-81.77027199999999
41.446058,-81.771431
41.444679,-81.77609
41.441417,-81.778198
41.442401000000004,-81.771992
41.428926000000004,-81.784063
41.428884000000004,-81.78107299999999
41.4326,-81.777499
41.432536999999996,-81.777501
41.43249,-81.777502
41.432444,-81.777503
41.432396999999995,-81.77750400000001
41.43235,-81.777506
41.432303999999995,-81.777507
41.432257,-81.777508
41.43221,-81.77750999999999
41.432164,-81.777511
41.432117,-81.777512
41.432058000000005,-81.777514
41.430483,-81.772735
41.429106,-81.77686
41.424323,-81.77858
41.464933,-81.772451
41.462235,-81.771139
41.463378999999996,-81.775442
41.457716,-81.785871
41.451710999999996,-81.789893
41.437253999999996,-81.78527
41.433593,-81.782814
41.437789,-81.81519499999999
41.42576,-81.847412
41.509687,-81.668846
41.510014,-81.66722299999999
41.497493,-81.660901
41.49965,-81.656238
41.496589,-81.655227
41.494156,-81.659362
41.516127000000004,-81.661986
41.516719,-81.65782800000001
41.518240999999996,-81.65530799999999
41.518615000000004,-81.653637
41.522239,-81.64703399999999
41.521390999999994,-81.646179
41.521039,-81.64622299999999
41.517573,-81.64881
41.517868,-81.649537
41.519525,-81.649055
41.519456,-81.650888
41.519304999999996,-81.649755
41.519882,-81.648475
41.520616,-81.64782
41.520272999999996,-81.64638000000001
41.514276,-81.649798
41.515535,-81.64954399999999
41.516999,-81.650995
41.516073,-81.649689
41.514295000000004,-81.646452
41.514196999999996,-81.649116
41.5151,-81.64846999999999
41.514990999999995,-81.64846899999999
41.51497,-81.647301
41.515506,-81.64644799999999
41.515954,-81.64806800000001
41.515954,-81.647812
41.515954,-81.647666
41.516573,-81.646331
41.516574,-81.646998
41.516575,-81.647875
41.511269,-81.650621
41.513721000000004,-81.647408
41.513153,-81.646197
41.513273,-81.646761
41.51327,-81.647199
41.513265999999994,-81.64778299999999
41.510574,-81.648234
41.509309,-81.647971
41.516227,-81.65352800000001
41.516048,-81.653981
41.514268,-81.654237
41.514382,-81.65441899999999
41.512797,-81.653788
41.513135,-81.6557
41.513502,-81.655128
41.512851,-81.6572
41.524236,-81.64925500000001
41.527564,-81.64302099999999
41.529338,-81.638048
41.529983,-81.638447
41.531027,-81.636732
41.530545000000004,-81.636732
41.530105999999996,-81.636732
41.530874,-81.636394
41.522563,-81.645042
41.522644,-81.64485
41.523621999999996,-81.644961
41.519303,-81.645516
41.520714,-81.643775
41.520913,-81.64425200000001
41.52094,-81.644129
41.521511,-81.64511800000001
41.5204,-81.641442
41.519647,-81.642321
41.519819,-81.641855
41.519967,-81.641367
41.520036,-81.641226
41.524457,-81.640999
41.525126,-81.642765
41.524657,-81.642392
41.524127,-81.642481
41.523726,-81.642875
41.522803,-81.642691
41.522321999999996,-81.642421
41.523317,-81.639994
41.523798,-81.640474
41.522861,-81.640362
41.522859999999994,-81.641788
41.522278,-81.641243
41.522290999999996,-81.641116
41.521896000000005,-81.640886
41.526835999999996,-81.639983
41.525538,-81.640984
41.525153,-81.640571
41.526118,-81.640745
41.526135,-81.64030600000001
41.526414,-81.64030799999999
41.525855,-81.637658
41.527087,-81.63815
41.526632,-81.638641
41.526221,-81.638638
41.527009,-81.638936
41.526746,-81.63893399999999
41.522244,-81.639306
41.522147,-81.637541
41.522442,-81.637546
41.522756,-81.637551
41.523146000000004,-81.637526
41.524634999999996,-81.637649
41.525273,-81.637654
41.523972,-81.638129
41.523643,-81.638126
41.523888,-81.638622
41.524135,-81.638623
41.520305,-81.638552
41.520294,-81.63868000000001
41.520477,-81.637626
41.520340999999995,-81.637661
41.520478000000004,-81.637406
41.527843,-81.633951
41.528216,-81.634371
41.528582,-81.634371
41.528674,-81.63436999999999
41.529268,-81.63436999999999
41.52936,-81.63436999999999
41.529489,-81.634837
41.528738,-81.634937
41.527983,-81.634935
41.52755,-81.634934
41.528046999999994,-81.635265
41.528925,-81.63526999999999
41.528914,-81.635681
41.528290999999996,-81.635947
41.52895,-81.635951
41.528221,-81.636367
41.527561999999996,-81.636363
41.527304,-81.63594
41.525535999999995,-81.635926
41.525155,-81.635246
41.525874,-81.634929
41.526169,-81.63493000000001
41.527221999999995,-81.634934
41.527387,-81.634934
41.526635999999996,-81.634372
41.52653,-81.634372
41.525724,-81.634373
41.525090000000006,-81.634373
41.522538,-81.635502
41.522537,-81.634598
41.523381,-81.635643
41.52472,-81.635243
41.524056,-81.635239
41.523216999999995,-81.635234
41.523111,-81.634922
41.524114000000004,-81.634374
41.524484,-81.633954
41.521786,-81.636528
41.521114000000004,-81.63633399999999
41.521117,-81.63575
41.520499,-81.636492
41.520502,-81.635789
41.520163000000004,-81.63604699999999
41.517877,-81.643801
41.517132000000004,-81.645347
41.516432,-81.644933
41.517083,-81.640975
41.516918,-81.640851
41.516847,-81.642112
41.516548,-81.642185
41.518361,-81.64209
41.518453,-81.64229300000001
41.5186,-81.64047
41.517712,-81.63633399999999
41.517207,-81.637404
41.517177000000004,-81.633339
41.51685,-81.63324200000001
41.516740000000006,-81.633241
41.516791,-81.63340600000001
41.516791,-81.633501
41.516785,-81.634966
41.516783000000004,-81.635112
41.51677,-81.63584200000001
41.517115999999994,-81.635414
41.517117999999996,-81.635286
41.517124,-81.634775
41.517125,-81.634626
41.517128,-81.634381
41.517723,-81.634162
41.518977,-81.63516899999999
41.519256,-81.634684
41.518993,-81.634289
41.519138,-81.63096
41.519358000000004,-81.630961
41.519467999999996,-81.630962
41.519034999999995,-81.630178
41.518158,-81.62973000000001
41.518709,-81.629199
41.518489,-81.629198
41.51827,-81.62919699999999
41.516082,-81.630046
41.51664,-81.632755
41.516709000000006,-81.632234
41.516822,-81.631505
41.51742,-81.630166
41.517402000000004,-81.629723
41.516873,-81.629719
41.517851,-81.629746
41.517181,-81.632202
41.517184,-81.63141800000001
41.517265,-81.631691
41.514291,-81.644899
41.51355,-81.642882
41.514005,-81.643857
41.515365,-81.642911
41.514946,-81.641012
41.514585,-81.638595
41.514590000000005,-81.637573
41.51461,-81.636962
41.513655,-81.63738199999999
41.514590000000005,-81.637461
41.51455,-81.637238
41.512766,-81.635913
41.513657,-81.636781
41.512883,-81.644143
41.51295,-81.642863
41.51295,-81.64300899999999
41.512949,-81.643301
41.511487,-81.640466
41.510571999999996,-81.64017
41.509492,-81.640046
41.511794,-81.63523199999999
41.516391,-81.635705
41.516402,-81.6348
41.516408,-81.63424499999999
41.514815999999996,-81.632234
41.514920000000004,-81.632398
41.514809,-81.632398
41.511790999999995,-81.631435
41.51398,-81.63494399999999
41.512088,-81.630861
41.514103999999996,-81.631221
41.513812,-81.633296
41.513434000000004,-81.632038
41.513435,-81.633193
41.512547999999995,-81.631288
41.512541,-81.632745
41.514103000000006,-81.634803
41.514025,-81.62782299999999
41.515387,-81.62875
41.512694,-81.629147
41.515051,-81.629171
41.515151,-81.629172
41.514115000000004,-81.629693
41.513222,-81.629685
41.512631,-81.63014100000001
41.514472,-81.630146
41.511949,-81.62876800000001
41.529068,-81.6331
41.529164,-81.633135
41.529747,-81.632887
41.529481,-81.632764
41.529894,-81.631911
41.530307,-81.631677
41.529252,-81.630074
41.529374,-81.63124300000001
41.528468,-81.630821
41.52834,-81.631188
41.528178999999994,-81.63215799999999
41.528872,-81.63248
41.528793,-81.632984
41.526114,-81.629307
41.526142,-81.630595
41.526143,-81.63046700000001
41.525867,-81.63225899999999
41.525868,-81.632141
41.525873,-81.63159300000001
41.526132000000004,-81.631745
41.526121999999994,-81.633014
41.526579,-81.633021
41.526579999999996,-81.632912
41.526912,-81.63183599999999
41.526909,-81.63221899999999
41.527337,-81.631726
41.52387,-81.626281
41.525146,-81.628438
41.525047,-81.628398
41.523589,-81.629952
41.525384,-81.630253
41.525555,-81.63274
41.525551,-81.63306899999999
41.524275,-81.63330500000001
41.520434,-81.633323
41.520781,-81.6316
41.520877,-81.631601
41.522307,-81.63161099999999
41.520918,-81.632706
41.522838,-81.628644
41.522411,-81.630937
41.522321000000005,-81.630936
41.520653,-81.630501
41.521777,-81.63023199999999
41.521361999999996,-81.629805
41.522634000000004,-81.629814
41.522055,-81.628943
41.522728,-81.628949
41.522733,-81.626255
41.521772999999996,-81.62623599999999
41.521677000000004,-81.626234
41.521388,-81.626228
41.522808000000005,-81.62825600000001
41.521345000000004,-81.62800899999999
41.522712,-81.627317
41.522064,-81.627312
41.518528,-81.623568
41.518974,-81.623573
41.520154,-81.623632
41.5195,-81.622692
41.519939,-81.62269599999999
41.520165999999996,-81.62211500000001
41.519727,-81.622111
41.518694,-81.621717
41.519366,-81.621724
41.518958000000005,-81.621189
41.51916,-81.620373
41.517105,-81.62048
41.517895,-81.62422099999999
41.517072999999996,-81.622672
41.516420000000004,-81.622076
41.519148,-81.628289
41.519890999999994,-81.627844
41.519407,-81.627195
41.518968,-81.62719200000001
41.518969,-81.626776
41.519847,-81.62678100000001
41.51896,-81.625966
41.519279,-81.625924
41.519734,-81.625558
41.518679,-81.625274
41.519543,-81.625282
41.520021,-81.62483399999999
41.519445000000005,-81.624829
41.518370000000004,-81.624477
41.520262,-81.624486
41.518271999999996,-81.627853
41.516749,-81.627848
41.517092,-81.627177
41.517539,-81.626786
41.517259,-81.62678199999999
41.517169,-81.62678100000001
41.516807,-81.626778
41.516582,-81.626284
41.518014,-81.626294
41.518301,-81.626296
41.514856,-81.626143
41.514959999999995,-81.627134
41.514418,-81.62428100000001
41.515117,-81.624341
41.51129,-81.62422600000001
41.511461,-81.622389
41.511089,-81.62218399999999
41.513604,-81.62150799999999
41.512553999999994,-81.620756
41.512929,-81.62111800000001
41.513273,-81.62076400000001
41.512171,-81.621088
41.511873,-81.620588
41.511875,-81.620464
41.511390999999996,-81.619656
41.538719,-81.62479
41.537285,-81.62405600000001
41.53779,-81.624725
41.537189,-81.625024
41.538332000000004,-81.626025
41.537957,-81.626455
41.537495,-81.62621800000001
41.538501000000004,-81.62595999999999
41.539437,-81.624253
41.538826,-81.623328
41.5387,-81.622861
41.539256,-81.623025
41.539421000000004,-81.62311
41.540056,-81.622675
41.539336,-81.62254200000001
41.53925,-81.622528
41.538835999999996,-81.622467
41.54115,-81.621965
41.539099,-81.621735
41.535455,-81.625564
41.536262,-81.623942
41.536006,-81.62482800000001
41.535391,-81.62451300000001
41.53637,-81.62280600000001
41.538092999999996,-81.621414
41.536629,-81.62129
41.537366,-81.622043
41.538164,-81.62269
41.538361,-81.62301500000001
41.538145,-81.6232
41.5376,-81.622417
41.536716,-81.622022
41.53645,-81.621903
41.537332,-81.62328199999999
41.542586,-81.620079
41.543199,-81.618707
41.540673999999996,-81.620191
41.542407,-81.619158
41.541529,-81.61916
41.540572,-81.619162
41.540243,-81.619163
41.541638,-81.618712
41.539916,-81.618716
41.539584000000005,-81.619165
41.539264,-81.619803
41.539592999999996,-81.619809
41.54285,-81.618088
41.543317,-81.617278
41.54322,-81.617278
41.541799,-81.616991
41.543668,-81.61591700000001
41.540304,-81.61809000000001
41.540917,-81.617712
41.540397,-81.616928
41.540397999999996,-81.617071
41.540631,-81.616486
41.541001,-81.616421
41.540609,-81.61188100000001
41.544391,-81.614352
41.544391999999995,-81.613828
41.543654,-81.611465
41.54387,-81.61285
41.54359,-81.614236
41.543589000000004,-81.61438199999999
41.54326,-81.61440400000001
41.543262,-81.61383599999999
41.543265999999996,-81.61276
41.543040000000005,-81.61449
41.543039,-81.61461800000001
41.541755,-81.609205
41.542304,-81.609204
41.542574,-81.609606
41.541971000000004,-81.611253
41.54104,-81.611251
41.540735,-81.610628
41.541047999999996,-81.610776
41.541253999999995,-81.611104
41.542891,-81.611687
41.543217,-81.61168599999999
41.543327000000005,-81.611216
41.544160999999995,-81.610558
41.543073,-81.609204
41.544788,-81.613625
41.545471,-81.610087
41.533642,-81.62527
41.533566,-81.625928
41.533674,-81.624887
41.533190999999995,-81.624652
41.533186,-81.622922
41.535863,-81.620524
41.535637,-81.620839
41.535137,-81.62115
41.535137,-81.62180500000001
41.534808,-81.621717
41.534369,-81.62172
41.534036,-81.6204
41.534034999999996,-81.61996500000001
41.534034000000005,-81.619087
41.533664,-81.618971
41.533190999999995,-81.622137
41.533190999999995,-81.62185500000001
41.533190000000005,-81.621463
41.533189,-81.621208
41.533187,-81.620313
41.533186,-81.62005699999999
41.533184999999996,-81.619674
41.532909000000004,-81.61914200000001
41.532920000000004,-81.622338
41.532512,-81.620808
41.532511,-81.620552
41.534033,-81.618504
41.534032,-81.618066
41.531893,-81.618825
41.532728000000006,-81.61771
41.533111,-81.61668
41.536627,-81.618916
41.536763,-81.616887
41.534444,-81.61799599999999
41.534499,-81.61814100000001
41.5345,-81.618725
41.5345,-81.618865
41.534721000000005,-81.61929
41.535769,-81.61927800000001
41.535992,-81.61852900000001
41.536033,-81.6181
41.53566,-81.618557
41.535249,-81.61780300000001
41.535311,-81.618022
41.535312,-81.618282
41.535315999999995,-81.61888
41.535315999999995,-81.619026
41.53483,-81.618739
41.535256,-81.61749300000001
41.536446999999995,-81.617593
41.536089000000004,-81.616766
41.535764,-81.616925
41.537758000000004,-81.612904
41.537641,-81.612848
41.536798,-81.61264399999999
41.537538,-81.613281
41.537098,-81.614177
41.537098,-81.61443299999999
41.535610999999996,-81.615148
41.533445,-81.614272
41.53415,-81.613033
41.534149,-81.613672
41.534578,-81.61456700000001
41.534578,-81.614056
41.534578,-81.613928
41.535317,-81.614694
41.535318,-81.613543
41.536344,-81.611912
41.534597999999995,-81.611121
41.534147,-81.610516
41.534059,-81.61050999999999
41.533156,-81.611929
41.533156,-81.612673
41.533156,-81.612972
41.533446999999995,-81.612818
41.533868,-81.611056
41.53458,-81.61201
41.534881,-81.61277700000001
41.539037,-81.612111
41.539133,-81.612111
41.539864,-81.610197
41.539143,-81.609617
41.537838,-81.610548
41.537618,-81.609627
41.537052,-81.609634
41.537007,-81.611347
41.533912,-81.608506
41.533541,-81.608067
41.530533,-81.625097
41.531862,-81.624619
41.531859999999995,-81.62248000000001
41.531859000000004,-81.62222299999999
41.5316,-81.622224
41.531602,-81.623265
41.531603000000004,-81.623777
41.530534,-81.623846
41.530534,-81.623553
41.530535,-81.622887
41.530236,-81.62306600000001
41.529792,-81.623644
41.529794,-81.622963
41.529493,-81.622697
41.529052,-81.623225
41.528696999999994,-81.62276700000001
41.531852,-81.61941
41.531851,-81.61914300000001
41.531599,-81.621712
41.531203000000005,-81.621202
41.530534,-81.620953
41.530242,-81.620245
41.53024,-81.621274
41.529501,-81.620375
41.529497,-81.62132700000001
41.529496,-81.62161
41.529058,-81.621124
41.528763,-81.61950300000001
41.528760999999996,-81.620087
41.528769,-81.617604
41.528768,-81.61775
41.528768,-81.617896
41.528768,-81.618042
41.529070000000004,-81.617743
41.529074,-81.61658299999999
41.529514,-81.616293
41.529514,-81.616439
41.529507,-81.61864
41.529808,-81.618925
41.530249,-81.616446
41.530246000000005,-81.618492
41.530566,-81.618877
41.531008,-81.616424
41.528325,-81.619939
41.528024,-81.61964499999999
41.52802,-81.620695
41.527586,-81.61920400000001
41.527282,-81.61978
41.526847,-81.61993100000001
41.526207,-81.619743
41.525445,-81.619592
41.528332,-81.617747
41.528334,-81.617163
41.528335999999996,-81.616287
41.528368,-81.615985
41.525449,-81.61856999999999
41.525453000000006,-81.61731
41.526228,-81.617469
41.52632,-81.617224
41.527592999999996,-81.617013
41.527596,-81.616136
41.528034999999996,-81.616139
41.528034000000005,-81.616294
41.528028000000006,-81.618184
41.524676,-81.61988000000001
41.524364,-81.619128
41.523958,-81.620124
41.523235,-81.619299
41.522939,-81.618075
41.522954,-81.619721
41.522554,-81.620152
41.524676,-81.617324
41.522199,-81.616972
41.523241,-81.617469
41.523962,-81.61631
41.523958,-81.617579
41.530556,-81.61429
41.530556,-81.61413
41.530557,-81.613414
41.530743,-81.61312099999999
41.530743,-81.61355999999999
41.530743,-81.614436
41.531040999999995,-81.614436
41.531040000000004,-81.614144
41.531040000000004,-81.61370600000001
41.531040000000004,-81.61326700000001
41.531040000000004,-81.61312099999999
41.531040000000004,-81.61268299999999
41.531228999999996,-81.614874
41.531677,-81.6133
41.531677,-81.61315400000001
41.53202,-81.612952
41.53202,-81.613093
41.53202,-81.613224
41.532433000000005,-81.614357
41.532433000000005,-81.613845
41.532431,-81.61282299999999
41.532732,-81.612977
41.532732,-81.612537
41.532732,-81.61238900000001
41.532732,-81.612243
41.532732,-81.61209699999999
41.532732,-81.611951
41.532731,-81.611221
41.530558,-81.611222
41.531039,-81.61166
41.531040000000004,-81.612391
41.532019,-81.612236
41.532016999999996,-81.610885
41.532429,-81.611221
41.53243,-81.611919
41.532431,-81.612308
41.528527000000004,-81.61305300000001
41.528525,-81.614222
41.528984,-81.614007
41.528985,-81.613568
41.528985,-81.612792
41.52933,-81.612841
41.529809,-81.61371899999999
41.530153999999996,-81.612575
41.530155,-81.610997
41.529136,-81.60969399999999
41.528209000000004,-81.611113
41.528531,-81.61094200000001
41.528533,-81.61013
41.529331,-81.611986
41.529331,-81.610803
41.524609000000005,-81.613772
41.526281,-81.611113
41.525539,-81.609691
41.525538,-81.60995600000001
41.525534,-81.61138000000001
41.525131,-81.61025500000001
41.524823,-81.610528
41.524815000000004,-81.61065500000001
41.524807,-81.610782
41.524752,-81.611674
41.522701,-81.612526
41.522472,-81.614677
41.523055,-81.613626
41.523122,-81.612993
41.523533,-81.612663
41.523406,-81.61393000000001
41.524173,-81.613437
41.524432,-81.610389
41.522874,-81.610899
41.522963,-81.610058
41.522976,-81.609941
41.523608,-81.61216
41.523609,-81.611903
41.531946000000005,-81.607597
41.529794,-81.60909699999999
41.530716,-81.609679
41.529798,-81.608682
41.529595,-81.60868
41.528893,-81.608675
41.530668,-81.607928
41.529216,-81.607404
41.529214,-81.60766
41.528177,-81.606801
41.528025,-81.609073
41.526604999999996,-81.609063
41.527183,-81.608684
41.527279,-81.608685
41.527238,-81.608138
41.527851,-81.60721099999999
41.527618,-81.60721
41.526467,-81.6068
41.527428,-81.60680699999999
41.527716,-81.606809
41.527935,-81.606741
41.527327,-81.605884
41.528096999999995,-81.605909
41.524527,-81.607199
41.524621,-81.607198
41.525288,-81.60719399999999
41.525856,-81.607197
41.524559,-81.60814
41.525039,-81.608138
41.525231,-81.608137
41.525783000000004,-81.60812800000001
41.524527,-81.609047
41.524088,-81.609048
41.524142,-81.607754
41.523846999999996,-81.60775500000001
41.523468,-81.60709200000001
41.523469,-81.607292
41.539320000000004,-81.608391
41.539878,-81.605639
41.539768,-81.605637
41.539565,-81.603488
41.539076,-81.603115
41.537766,-81.603098
41.537413,-81.604462
41.538340999999996,-81.60561899999999
41.538561,-81.605621
41.538235,-81.605161
41.538036,-81.60515799999999
41.538041,-81.604519
41.539962,-81.602577
41.540628000000005,-81.60159200000001
41.540733,-81.601252
41.539716999999996,-81.599076
41.540183,-81.599076
41.538668,-81.599075
41.537962,-81.599075
41.538327,-81.599532
41.538757000000004,-81.602192
41.537774,-81.602548
41.539543,-81.59846999999999
41.539471999999996,-81.596193
41.537914,-81.59619
41.539004999999996,-81.596192
41.539003,-81.598012
41.538557,-81.598012
41.539802,-81.595246
41.539808,-81.59409699999999
41.539161,-81.592863
41.538859,-81.59236800000001
41.538270000000004,-81.594233
41.538458,-81.595239
41.537079,-81.602496
41.536658,-81.60183
41.537215,-81.60083900000001
41.537422,-81.60093499999999
41.532992,-81.59859200000001
41.532908,-81.598499
41.532655,-81.598217
41.532486999999996,-81.59803000000001
41.532724,-81.597652
41.533004999999996,-81.597151
41.533573,-81.597307
41.531813,-81.59728
41.531834,-81.59584699999999
41.531153,-81.594613
41.534827,-81.594881
41.535924,-81.59499
41.536512,-81.594675
41.536882,-81.594661
41.533938,-81.593783
41.534115,-81.591598
41.536808,-81.591599
41.536026,-81.592479
41.534492,-81.59359
41.534894,-81.59358399999999
41.535602000000004,-81.593987
41.533542,-81.596544
41.532548999999996,-81.594027
41.533369,-81.593202
41.532506,-81.592871
41.530778000000005,-81.592392
41.530586,-81.592391
41.531451000000004,-81.592065
41.532508,-81.59206800000001
41.532892,-81.592069
41.530584999999995,-81.591588
41.533042,-81.605801
41.533046,-81.605362
41.53305,-81.604924
41.533571,-81.606421
41.533887,-81.60507700000001
41.535169,-81.60471899999999
41.535123,-81.60386700000001
41.533057,-81.60419399999999
41.530291,-81.605727
41.530646000000004,-81.60437900000001
41.530621999999994,-81.605839
41.531037,-81.604098
41.531299,-81.605796
41.531688,-81.60521899999999
41.531960999999995,-81.605378
41.531956,-81.605963
41.532340999999995,-81.605823
41.532343,-81.605677
41.532346999999994,-81.605238
41.53263,-81.604343
41.532621999999996,-81.605143
41.532621,-81.605285
41.532617,-81.605723
41.532614,-81.606016
41.532637,-81.603613
41.532638,-81.603466
41.532641,-81.60318000000001
41.532647999999995,-81.602349
41.532373,-81.602502
41.531784,-81.601123
41.531329,-81.60263
41.531331,-81.602358
41.531338,-81.600974
41.531056,-81.602494
41.530658,-81.603639
41.530226,-81.6013
41.53256,-81.601164
41.53256,-81.60101800000001
41.531975,-81.600286
41.530982,-81.599642
41.530239,-81.59881999999999
41.530581,-81.600238
41.530584999999995,-81.599508
41.530590000000004,-81.598448
41.531021,-81.5993
41.531025,-81.600679
41.531338,-81.600348
41.529701,-81.60114899999999
41.529340000000005,-81.601493
41.528831,-81.599276
41.528915000000005,-81.598637
41.528946999999995,-81.598423
41.528271999999994,-81.603576
41.528423,-81.602425
41.529405,-81.602192
41.526263,-81.601609
41.526848,-81.602776
41.527035999999995,-81.603719
41.527551,-81.603236
41.527996,-81.60221800000001
41.528406,-81.599078
41.528165,-81.59854200000001
41.526849,-81.598453
41.526746,-81.598495
41.526517999999996,-81.59885
41.526501,-81.59897600000001
41.526241999999996,-81.600959
41.526614,-81.600719
41.52665,-81.60044
41.526841,-81.59899
41.52734,-81.599034
41.527302,-81.599322
41.527208,-81.600041
41.527511,-81.600112
41.525557,-81.603077
41.525698,-81.602071
41.525811,-81.60103000000001
41.526058,-81.59845
41.525954999999996,-81.598504
41.524255,-81.59857099999999
41.524132,-81.598566
41.524021999999995,-81.598562
41.523803,-81.598455
41.523926,-81.60064200000001
41.525358000000004,-81.598809
41.525237,-81.599655
41.524916999999995,-81.599363
41.524041,-81.599289
41.523632,-81.600064
41.525188,-81.600041
41.52625,-81.605322
41.523657,-81.605324
41.523753,-81.605323
41.524069,-81.605322
41.524733000000005,-81.605263
41.525246,-81.605242
41.523447,-81.603815
41.541385,-81.60562900000001
41.543471000000004,-81.605168
41.544308,-81.60516700000001
41.543219,-81.60266800000001
41.543001000000004,-81.603542
41.542547,-81.603542
41.541778,-81.603544
41.542438,-81.604231
41.542373,-81.604646
41.544464000000005,-81.60424
41.544175,-81.602704
41.54449,-81.602716
41.546772999999995,-81.601614
41.547199,-81.604123
41.547199,-81.6031
41.549858,-81.60383
41.548747,-81.60236
41.542901,-81.599615
41.542352,-81.599615
41.544588,-81.60079300000001
41.544105,-81.598472
41.544215,-81.598472
41.543997,-81.59915
41.545158,-81.597994
41.543482,-81.597677
41.543019,-81.59600400000001
41.542787,-81.596547
41.542457,-81.596879
41.542448,-81.596677
41.544126,-81.59758000000001
41.544229,-81.59758000000001
41.545111,-81.59464100000001
41.544917,-81.594987
41.544332,-81.59549799999999
41.54399,-81.595451
41.543861,-81.59519300000001
41.544019,-81.59674
41.544328,-81.59674
41.546777,-81.59930899999999
41.545809000000006,-81.59960500000001
41.545488,-81.596255
41.546416,-81.597633
41.545194,-81.593417
41.544625,-81.594117
41.545823,-81.59400600000001
41.550601,-81.589743
41.550839,-81.586985
41.550746000000004,-81.58672
41.549258,-81.587489
41.550165,-81.587568
41.545339,-81.58877
41.547989,-81.58888
41.545289000000004,-81.587701
41.54852,-81.58323399999999
41.548254,-81.583888
41.547174,-81.585736
41.545449,-81.58019300000001
41.545393,-81.580332
41.566295000000004,-81.587774
41.565829,-81.58719
41.565498999999996,-81.58748100000001
41.563905,-81.58703
41.560836,-81.59129200000001
41.560188000000004,-81.59129200000001
41.560261,-81.590565
41.560265,-81.588903
41.561861,-81.58702199999999
41.561862,-81.586145
41.561863,-81.585853
41.560736999999996,-81.586141
41.560736999999996,-81.586287
41.560734000000004,-81.587594
41.560734000000004,-81.58773599999999
41.560309000000004,-81.587677
41.560309000000004,-81.587549
41.56031,-81.586768
41.560311,-81.58637399999999
41.560313,-81.585831
41.55468,-81.586087
41.572089,-81.575526
41.578525,-81.572917
41.574484999999996,-81.573992
41.573671999999995,-81.574565
41.570669,-81.574325
41.568696,-81.582598
41.568917,-81.582603
41.569136,-81.582607
41.569356,-81.58261
41.569695,-81.58189899999999
41.568736,-81.581102
41.570009999999996,-81.58119599999999
41.572167,-81.579076
41.571335,-81.578303
41.571438,-81.578321
41.570992,-81.578777
41.571769,-81.579314
41.569558,-81.58
41.568974,-81.577889
41.570282,-81.577185
41.569953999999996,-81.577105
41.570327,-81.576516
41.565024,-81.582592
41.567896000000005,-81.582577
41.568178,-81.57892
41.567797,-81.58105400000001
41.566435999999996,-81.576888
41.56459,-81.58087900000001
41.564561,-81.583803
41.564197,-81.582686
41.577938,-81.570792
41.57755,-81.569006
41.575901,-81.571228
41.576189,-81.56965500000001
41.572443,-81.569637
41.573507,-81.56684399999999
41.573503,-81.567575
41.573902000000004,-81.56748
41.574352000000005,-81.567923
41.571999,-81.568062
41.572885,-81.567397
41.572,-81.56764100000001
41.571575,-81.56661700000001
41.572357000000004,-81.56803000000001
41.577416,-81.561097
41.576722,-81.563501
41.573996,-81.560575
41.57395,-81.561518
41.574594,-81.558031
41.576112,-81.556159
41.577811,-81.556283
41.577416,-81.556001
41.590965999999995,-81.556483
41.59091,-81.557142
41.588173,-81.543211
41.55672,-81.582049
41.556041,-81.58253
41.556143,-81.582531
41.556489,-81.582535
41.556605,-81.582536
41.556718,-81.582534
41.556486,-81.583203
41.555456,-81.583676
41.553663,-81.583072
41.553274,-81.58364399999999
41.553383000000004,-81.583646
41.553713,-81.58365
41.554390000000005,-81.58366099999999
41.553378,-81.584308
41.552059,-81.584289
41.551299,-81.583097
41.559077,-81.58045200000001
41.557669,-81.580169
41.557210999999995,-81.578408
41.554984999999995,-81.578375
41.559152000000005,-81.578168
41.5591,-81.578625
41.559121000000005,-81.580197
41.559255,-81.57989599999999
41.556847999999995,-81.577158
41.55822,-81.577281
41.556328,-81.577151
41.555318,-81.577648
41.553658,-81.577623
41.550079,-81.581378
41.550470000000004,-81.57793000000001
41.550404,-81.578644
41.550529,-81.579427
41.548671999999996,-81.58029599999999
41.548460999999996,-81.579288
41.549096999999996,-81.578852
41.547621,-81.577927
41.547579999999996,-81.577179
41.547202,-81.576934
41.547133,-81.577163
41.546507,-81.579278
41.547940000000004,-81.57687
41.558581,-81.573002
41.55665,-81.573421
41.556781,-81.572968
41.560076,-81.572496
41.556745,-81.566535
41.556359,-81.563236
41.556286,-81.563154
41.557016,-81.564392
41.557132,-81.565141
41.556071,-81.564071
41.555809,-81.563806
41.556393,-81.564854
41.556858,-81.56532299999999
41.555172,-81.56602600000001
41.555801,-81.566807
41.556306,-81.56639
41.555566999999996,-81.566002
41.555878,-81.56546999999999
41.554495,-81.569634
41.55621,-81.56851999999999
41.557249,-81.56937099999999
41.553112,-81.56830699999999
41.55355,-81.56890200000001
41.555172,-81.57260500000001
41.554181,-81.57381099999999
41.554398,-81.571388
41.553861,-81.570657
41.554111,-81.573211
41.553624,-81.572771
41.550468,-81.570613
41.550793,-81.571076
41.562020000000004,-81.571484
41.56308,-81.56959599999999
41.562645,-81.569086
41.561081,-81.56906500000001
41.56086,-81.569062
41.561085999999996,-81.56837800000001
41.561197,-81.567188
41.56577,-81.561571
41.565659000000004,-81.56059300000001
41.560371999999994,-81.56526
41.559407,-81.563305
41.558021999999994,-81.56348
41.558412,-81.564263
41.559940000000005,-81.56450500000001
41.565162,-81.558095
41.565308,-81.558897
41.566578,-81.55640799999999
41.564744,-81.556577
41.568211,-81.550715
41.570128000000004,-81.552265
41.564881,-81.550648
41.565696,-81.55035699999999
41.572012,-81.548956
41.569299,-81.548987
41.571272,-81.544275
41.549256,-81.565002
41.549578000000004,-81.56280100000001
41.550556,-81.563978
41.554183,-81.555288
41.554328000000005,-81.557551
41.555034,-81.557416
41.556296,-81.555655
41.557774,-81.556984
41.558167,-81.556488
41.556759,-81.553586
41.555531,-81.553792
41.554812,-81.55534
41.554587,-81.55502
41.560146,-81.553106
41.559078,-81.552498
41.546139000000004,-81.563211
41.546062,-81.564684
41.545429,-81.56400699999999
41.546838,-81.562487
41.546879,-81.561521
41.547897999999996,-81.560523
41.54844,-81.561223
41.548676,-81.56152900000001
41.54677,-81.559455
41.546126,-81.55944000000001
41.547297,-81.558844
41.548885999999996,-81.55705400000001
41.54659,-81.557924
41.54733,-81.55682
41.547637,-81.559345
41.548728999999994,-81.56014499999999
41.549569,-81.55978
41.549648,-81.559882
41.549708,-81.55912
41.550307000000004,-81.55644000000001
41.550702,-81.556942
41.549496999999995,-81.551661
41.551479,-81.55367
41.549018,-81.55113100000001
41.551271,-81.545994
41.548314000000005,-81.543642
41.546921999999995,-81.53997199999999
41.545891999999995,-81.53788399999999
41.507754,-81.645608
41.507112,-81.645595
41.507490000000004,-81.642565
41.507412,-81.64305
41.506634999999996,-81.643642
41.506941999999995,-81.640008
41.506975,-81.635434
41.496579,-81.648682
41.497762,-81.641001
41.497265999999996,-81.64150699999999
41.499984000000005,-81.642146
41.499233000000004,-81.642235
41.497723,-81.636137
41.497564000000004,-81.637332
41.4999,-81.637893
41.494175,-81.649653
41.494402,-81.646097
41.494451,-81.63718399999999
41.495253000000005,-81.63614799999999
41.506623,-81.62850300000001
41.509228,-81.62548199999999
41.507952,-81.62551500000001
41.506644,-81.626896
41.495044,-81.63250500000001
41.496987,-81.63112199999999
41.498003000000004,-81.63320300000001
41.498112,-81.633204
41.498776,-81.63105999999999
41.498948999999996,-81.627555
41.495727,-81.625493
41.495277,-81.62398
41.52194,-81.61036999999999
41.521955,-81.61023399999999
41.521190999999995,-81.610686
41.520926,-81.61171
41.520551,-81.610753
41.520134000000006,-81.609961
41.521373,-81.606246
41.520573999999996,-81.607991
41.521627,-81.608005
41.522065000000005,-81.603946
41.52198,-81.603945
41.521471000000005,-81.60386700000001
41.521165,-81.604602
41.521257,-81.604537
41.521545,-81.604515
41.520559000000006,-81.60511899999999
41.521088,-81.605677
41.52247,-81.601611
41.521815999999994,-81.600724
41.52132,-81.60059100000001
41.521864,-81.60137399999999
41.521460999999995,-81.601691
41.520405,-81.601446
41.520295000000004,-81.601443
41.521075,-81.60204499999999
41.521547999999996,-81.60334399999999
41.521394,-81.600604
41.518162,-81.612528
41.518251,-81.613694
41.518865000000005,-81.61418499999999
41.518865999999996,-81.613997
41.518867,-81.61381800000001
41.518868,-81.61364
41.518873,-81.61291
41.519432,-81.611142
41.518878,-81.612047
41.518501,-81.609043
41.517825,-81.607635
41.518637,-81.605028
41.519117,-81.606186
41.518012,-81.60554
41.518003,-81.604072
41.519663,-81.60398199999999
41.518914,-81.601458
41.518977,-81.60018000000001
41.518753000000004,-81.60085699999999
41.522294,-81.599264
41.519356,-81.599705
41.519137,-81.599681
41.519028000000006,-81.59966800000001
41.518811,-81.599561
41.519144,-81.598605
41.519436,-81.599112
41.516439,-81.600578
41.517173,-81.599368
41.516438,-81.60200400000001
41.51685,-81.602098
41.516062,-81.600794
41.51565,-81.59536999999999
41.51554,-81.595178
41.515739,-81.59376400000001
41.515681,-81.593663
41.515096,-81.592648
41.515381,-81.592322
41.515481,-81.592496
41.515581,-81.59267
41.515694,-81.592866
41.515869,-81.59317
41.515602,-81.591398
41.514885,-81.59204100000001
41.515374,-81.594891
41.498802000000005,-81.619361
41.498152000000005,-81.620513
41.498726,-81.62047199999999
41.49758,-81.620985
41.496081,-81.61867099999999
41.498371999999996,-81.61353100000001
41.491768,-81.609775
41.490746,-81.609912
41.490959000000004,-81.60958199999999
41.491052,-81.60950600000001
41.489995,-81.608118
41.490842,-81.608531
41.491258,-81.60935699999999
41.490992999999996,-81.607881
41.491939,-81.608126
41.491921000000005,-81.60746800000001
41.490051,-81.606009
41.490162,-81.603983
41.489708,-81.60533000000001
41.489156,-81.603564
41.476754,-81.658413
41.477140000000006,-81.65775500000001
41.476618,-81.65933100000001
41.476237,-81.656037
41.47623,-81.656516
41.476502,-81.656524
41.476954,-81.656539
41.475588,-81.657125
41.476455,-81.65764
41.476562,-81.65759399999999
41.476663,-81.657544
41.475922,-81.658111
41.475476,-81.65780500000001
41.474244,-81.656914
41.473314,-81.655427
41.473379,-81.655338
41.473989,-81.654873
41.474056,-81.655328
41.473375,-81.656233
41.474406,-81.656716
41.473347,-81.654425
41.473292,-81.654516
41.473171,-81.654738
41.473025,-81.65500300000001
41.472831,-81.655357
41.47247,-81.65290300000001
41.472658,-81.653337
41.470406,-81.65214300000001
41.470587,-81.65245300000001
41.471674,-81.657656
41.471482,-81.657655
41.471475,-81.659079
41.471488,-81.658787
41.471996000000004,-81.658788
41.472379,-81.658525
41.472415000000005,-81.65804399999999
41.470337,-81.656677
41.467177,-81.654779
41.467174,-81.656304
41.468561,-81.656951
41.468671,-81.656951
41.468672,-81.65580200000001
41.468671,-81.656678
41.468222,-81.656456
41.467904,-81.655648
41.467903,-81.656432
41.467484999999996,-81.656306
41.467484999999996,-81.656196
41.467486,-81.655649
41.49287,-81.64719000000001
41.492490999999994,-81.645273
41.482686,-81.638051
41.481640999999996,-81.64151600000001
41.478477000000005,-81.635355
41.479708,-81.646914
41.479378999999994,-81.647784
41.479189,-81.648674
41.479046999999994,-81.649206
41.477738,-81.64909
41.477517999999996,-81.649086
41.477536,-81.649631
41.477755,-81.649635
41.478497999999995,-81.649649
41.477751,-81.650003
41.477641999999996,-81.650001
41.477162,-81.64562099999999
41.473813,-81.646351
41.473821,-81.646068
41.4738,-81.645539
41.473879,-81.64554
41.474880999999996,-81.645667
41.471178,-81.64447
41.473576,-81.644741
41.471696,-81.644778
41.473079999999996,-81.644319
41.473438,-81.644375
41.475553000000005,-81.644879
41.475343,-81.64480999999999
41.474206,-81.644828
41.473967,-81.644824
41.474013,-81.644
41.476846,-81.643975
41.477034,-81.644234
41.476492,-81.644262
41.475652000000004,-81.643968
41.47565,-81.643697
41.475239,-81.644177
41.47524,-81.644323
41.47524,-81.644473
41.474978,-81.644346
41.47448,-81.643681
41.474125,-81.64307099999999
41.476372,-81.64465
41.477357,-81.64398299999999
41.477359,-81.644238
41.477915,-81.644612
41.478888,-81.644811
41.478119,-81.644924
41.477917,-81.644921
41.477823,-81.64491899999999
41.47773,-81.644954
41.477545,-81.644914
41.481656,-81.643541
41.476224,-81.634299
41.476440999999994,-81.634795
41.476315,-81.636723
41.468344,-81.649715
41.469079,-81.64920699999999
41.468897999999996,-81.649505
41.468777,-81.649704
41.469183,-81.652147
41.470203000000005,-81.649412
41.470774,-81.65007299999999
41.470102000000004,-81.650063
41.469814,-81.650059
41.469429,-81.650053
41.469169,-81.650337
41.469233,-81.650336
41.465406,-81.647369
41.467032,-81.64744
41.466944,-81.647531
41.46662,-81.647912
41.466546,-81.64801999999999
41.467551,-81.648374
41.466916,-81.649309
41.467717,-81.649056
41.467862,-81.648836
41.467934,-81.648726
41.468253000000004,-81.648891
41.467402,-81.650228
41.46901,-81.647712
41.468215,-81.64739499999999
41.468958,-81.646339
41.468645,-81.646283
41.467366,-81.64704
41.467951,-81.646232
41.46846,-81.64581899999999
41.466355,-81.646153
41.466662,-81.646367
41.465922,-81.645337
41.466004,-81.645744
41.464819,-81.647264
41.464731,-81.64681999999999
41.464963,-81.64583
41.46441,-81.646539
41.464331,-81.64664
41.464252,-81.646741
41.466654999999996,-81.644295
41.466863000000004,-81.644297
41.466714,-81.643615
41.46738,-81.643721
41.467105,-81.63949000000001
41.467364,-81.639992
41.467552000000005,-81.64054
41.466358,-81.639825
41.465662,-81.63932
41.465881,-81.639323
41.466759,-81.639335
41.466328000000004,-81.64474799999999
41.465533,-81.644735
41.464366,-81.64364
41.464715000000005,-81.642573
41.46471,-81.643351
41.46471,-81.643497
41.464708,-81.643789
41.466012,-81.643364
41.466014,-81.642927
41.464386,-81.64165799999999
41.46439,-81.641316
41.464240999999994,-81.639935
41.464566999999995,-81.640396
41.467323,-81.638462
41.467278,-81.638329
41.466248,-81.636973
41.466331,-81.637206
41.466638,-81.638099
41.466768,-81.63847700000001
41.465998,-81.638871
41.465595,-81.637918
41.465307,-81.637914
41.465503999999996,-81.636476
41.465587,-81.636477
41.464242999999996,-81.638846
41.464725,-81.638289
41.464731,-81.637906
41.464644,-81.637376
41.465226,-81.637001
41.464746000000005,-81.636994
41.465235,-81.636472
41.465145,-81.636087
41.463947,-81.637796
41.464776,-81.63542
41.463702000000005,-81.63355
41.464245,-81.633668
41.464328,-81.633668
41.464828999999995,-81.63367
41.465498,-81.63428
41.464079999999996,-81.634275
41.490732,-81.631827
41.492426,-81.630084
41.492641,-81.632285
41.492104,-81.63199300000001
41.488724,-81.63233100000001
41.488915999999996,-81.632333
41.489391,-81.632101
41.488734,-81.631716
41.492002,-81.628073
41.49296,-81.628573
41.492332,-81.629296
41.49015,-81.627608
41.490127,-81.628732
41.49105,-81.624829
41.491040000000005,-81.62655
41.491369,-81.626183
41.491368,-81.62589100000001
41.49142,-81.624948
41.49181,-81.626903
41.492177000000005,-81.625652
41.489575,-81.62706999999999
41.490653,-81.625012
41.489877,-81.625259
41.489877,-81.626536
41.489408000000005,-81.62699599999999
41.489517,-81.626271
41.489518,-81.626125
41.489518,-81.625979
41.488960999999996,-81.626234
41.491989000000004,-81.624101
41.493136,-81.623683
41.49273,-81.62224300000001
41.490504,-81.62414
41.487586,-81.616867
41.487493,-81.618399
41.487085,-81.618619
41.487091,-81.617743
41.487973,-81.616419
41.485138,-81.61787700000001
41.485138,-81.618023
41.485135,-81.618753
41.485492,-81.618892
41.485495,-81.618308
41.485496999999995,-81.61787
41.486246,-81.618898
41.486255,-81.61714599999999
41.484639,-81.61822099999999
41.484639,-81.617965
41.484711,-81.619088
41.482277,-81.619164
41.483529,-81.621368
41.482351,-81.631157
41.47752,-81.63073299999999
41.477846,-81.63205500000001
41.476234000000005,-81.628506
41.481786,-81.624374
41.481041,-81.624321
41.481390999999995,-81.624326
41.479946000000005,-81.624998
41.480268,-81.622752
41.478678,-81.621822
41.480798,-81.620436
41.481299,-81.619576
41.473171,-81.631194
41.471069,-81.622839
41.471408000000004,-81.623284
41.469719,-81.621778
41.469628,-81.621842
41.468835,-81.622961
41.468831,-81.62339899999999
41.46883,-81.623545
41.46882,-81.624566
41.469116,-81.62355
41.469121,-81.623113
41.469513,-81.623412
41.469303000000004,-81.624974
41.470296000000005,-81.62226
41.470276,-81.623919
41.470596,-81.624036
41.47061,-81.622872
41.468131,-81.62188
41.466798,-81.623212
41.467256,-81.623086
41.467978,-81.625561
41.468435,-81.62325
41.46632,-81.624374
41.466322,-81.624081
41.471090000000004,-81.61868
41.470103,-81.61895600000001
41.470632,-81.620623
41.470669,-81.618666
41.470665999999994,-81.618402
41.46796,-81.618658
41.468834,-81.62008900000001
41.469215000000005,-81.620029
41.46797,-81.617579
41.467508,-81.616924
41.467192,-81.616475
41.467197999999996,-81.615891
41.469977,-81.614882
41.470242,-81.614676
41.470259000000006,-81.614806
41.468886,-81.612214
41.469522999999995,-81.61308299999999
41.468447999999995,-81.61225300000001
41.466957,-81.613908
41.469313,-81.610348
41.468897,-81.61021
41.468651,-81.611226
41.46711,-81.609628
41.467110999999996,-81.609445
41.468184,-81.606073
41.468061,-81.605254
41.467471,-81.605602
41.466041,-81.619237
41.466035,-81.619838
41.466457,-81.62059
41.466778000000005,-81.617648
41.466783,-81.61721
41.466491999999995,-81.617211
41.466483000000004,-81.618043
41.466055,-81.61792700000001
41.466083000000005,-81.6153
41.465734000000005,-81.616321
41.465723,-81.617343
41.465245,-81.615874
41.465327,-81.615165
41.464172,-81.615431
41.46582,-81.614385
41.465709999999994,-81.614385
41.465601,-81.614385
41.464283,-81.614384
41.464064,-81.614384
41.463832000000004,-81.614237
41.466598,-81.611847
41.466506,-81.612277
41.465408000000004,-81.612276
41.465885,-81.613343
41.465446,-81.613343
41.464128,-81.613344
41.464017999999996,-81.613344
41.465441,-81.613947
41.46389,-81.610337
41.464707000000004,-81.609364
41.466019,-81.610068
41.466128999999995,-81.610068
41.465795,-81.610597
41.464901,-81.60744
41.467139,-81.606399
41.466053,-81.605814
41.465833,-81.605814
41.464626,-81.605812
41.466248,-81.608025
41.466386,-81.605088
41.465947,-81.605087
41.46463,-81.605085
41.46452,-81.605085
41.464754,-81.603266
41.466071,-81.603263
41.466401,-81.603264
41.46662,-81.603264
41.466506,-81.603812
41.464969,-81.603809
41.464529999999996,-81.603812
41.464853999999995,-81.60453199999999
41.466060999999996,-81.604534
41.466281,-81.604534
41.487268,-81.61509000000001
41.487171999999994,-81.615116
41.486292999999996,-81.615078
41.486989,-81.61318299999999
41.487683000000004,-81.61379699999999
41.487695,-81.61176
41.487699,-81.61116700000001
41.487697999999995,-81.611313
41.487694,-81.611976
41.487002000000004,-81.61029
41.486992,-81.612599
41.485887,-81.61245799999999
41.485888,-81.611436
41.485888,-81.610998
41.485889,-81.610268
41.485889,-81.609392
41.485566999999996,-81.61094399999999
41.487460999999996,-81.60341
41.484105,-81.615114
41.485083,-81.614288
41.485085,-81.610839
41.480975,-81.617747
41.481295,-81.616414
41.481503000000004,-81.616414
41.480881,-81.61459599999999
41.481296,-81.615538
41.479646,-81.619086
41.477352,-81.619067
41.477764,-81.61913299999999
41.478682,-81.61822099999999
41.480092,-81.61865999999999
41.480508,-81.618258
41.480175,-81.615996
41.480178,-81.61661600000001
41.479662,-81.615175
41.479226000000004,-81.615739
41.479226000000004,-81.61588499999999
41.479227,-81.616031
41.47868,-81.616911
41.478679,-81.61618100000001
41.478678,-81.615305
41.478328000000005,-81.616001
41.477771000000004,-81.616141
41.480006,-81.61350300000001
41.479622,-81.61350300000001
41.478676,-81.613957
41.478333,-81.612218
41.478333,-81.612652
41.477773,-81.61338
41.477774,-81.613088
41.477774,-81.612941
41.477775,-81.612504
41.477364,-81.612359
41.477363000000004,-81.612796
41.477362,-81.613089
41.477361,-81.613672
41.479011,-81.612832
41.474555,-81.618934
41.474555,-81.618788
41.474908,-81.620003
41.474907,-81.620131
41.475455,-81.61859799999999
41.475834000000006,-81.618472
41.476377,-81.61861400000001
41.476372,-81.62053
41.476774,-81.61849699999999
41.476774,-81.618205
41.476775,-81.617767
41.476776,-81.61761899999999
41.476772,-81.617103
41.476773,-81.61650999999999
41.476774,-81.61607099999999
41.476378000000004,-81.61620699999999
41.476378000000004,-81.616462
41.475839,-81.61646999999999
41.475457,-81.618042
41.474911,-81.61716
41.474913,-81.61659399999999
41.474913,-81.616338
41.474914,-81.616084
41.474916,-81.615317
41.474557,-81.618205
41.476785,-81.612213
41.476388,-81.61289599999999
41.475845,-81.614426
41.475848,-81.613404
41.475849,-81.612765
41.47585,-81.6125
41.475471999999996,-81.612352
41.47547,-81.61308199999999
41.475469,-81.613228
41.475466,-81.614552
41.475465,-81.61468
41.474919,-81.614551
41.474567,-81.613665
41.474565999999996,-81.613957
41.474563,-81.614722
41.477779999999996,-81.610466
41.477365999999996,-81.611478
41.477365999999996,-81.611333
41.477367,-81.610895
41.477368,-81.610603
41.47639,-81.612002
41.476393,-81.610853
41.475854,-81.61104
41.474931,-81.61133199999999
41.473609,-81.620609
41.473231,-81.61937900000001
41.474074,-81.61849000000001
41.474123,-81.620908
41.474075,-81.618053
41.474056,-81.617125
41.474189,-81.61712
41.473153,-81.616264
41.473946999999995,-81.61564
41.473834000000004,-81.615647
41.472955999999996,-81.616344
41.473304999999996,-81.61715799999999
41.473513,-81.618037
41.472926,-81.617756
41.472093,-81.616556
41.474068,-81.615022
41.473838,-81.615034
41.472045,-81.613603
41.472031,-81.614424
41.474061,-81.613589
41.473744,-81.613934
41.47023,-81.603402
41.475001,-81.606788
41.475302,-81.606578
41.475305999999996,-81.608111
41.47571,-81.608237
41.475988,-81.606448
41.475992,-81.608109
41.475,-81.605364
41.476762,-81.603932
41.476393,-81.605678
41.47639,-81.604529
41.47639,-81.604147
41.475982,-81.604275
41.475984999999994,-81.60516899999999
41.475986999999996,-81.605936
41.475296,-81.603507
41.477783,-81.60882099999999
41.479402,-81.60748000000001
41.478577,-81.606693
41.478567,-81.604687
41.478299,-81.603589
41.477782,-81.603882
41.477783,-81.604466
41.477783,-81.604612
41.477784,-81.604904
41.477786,-81.605634
41.480090999999994,-81.608839
41.480088,-81.607486
41.488405,-81.598776
41.484763,-81.60258499999999
41.488138,-81.601391
41.487825,-81.60176
41.487324,-81.600955
41.486376,-81.598752
41.486168,-81.599952
41.481574,-81.600474
41.481908000000004,-81.60108699999999
41.48268,-81.60153100000001
41.482240999999995,-81.601527
41.482883,-81.599452
41.481784999999995,-81.59944300000001
41.480763,-81.598122
41.482273,-81.597153
41.482110999999996,-81.599017
41.481728000000004,-81.596625
41.480959999999996,-81.59661700000001
41.481843,-81.59574599999999
41.482938,-81.596274
41.478962,-81.600347
41.478965,-81.601267
41.478289000000004,-81.600767
41.478294,-81.60204499999999
41.479136,-81.602158
41.479683,-81.600699
41.479295,-81.599405
41.479024,-81.598815
41.479577,-81.597849
41.478227000000004,-81.59643100000001
41.479744000000004,-81.596574
41.47883,-81.593825
41.479461,-81.59383299999999
41.478271,-81.594122
41.477903999999995,-81.602536
41.477249,-81.602535
41.474663,-81.601975
41.47501,-81.600364
41.475522999999995,-81.60130799999999
41.476858,-81.600499
41.477771000000004,-81.600045
41.47777,-81.599789
41.476802,-81.597453
41.475814,-81.597444
41.475134000000004,-81.597437
41.475013,-81.59874
41.475516999999996,-81.599529
41.475518,-81.60023000000001
41.475921,-81.599937
41.475919,-81.598742
41.476452,-81.598364
41.476853999999996,-81.599003
41.477379,-81.598238
41.477383,-81.59967900000001
41.476221,-81.597842
41.476125,-81.597842
41.475932,-81.597841
41.477725,-81.595636
41.477013,-81.595256
41.476492,-81.59525
41.474627000000005,-81.595228
41.474632,-81.596514
41.4755,-81.596083
41.475429,-81.596389
41.475481,-81.596879
41.475809999999996,-81.596884
41.477126,-81.59653399999999
41.475596,-81.596513
41.477043,-81.595874
41.47772,-81.594565
41.477719,-81.594415
41.475744,-81.59443399999999
41.475516,-81.592589
41.475514000000004,-81.591448
41.474976,-81.594554
41.474625,-81.594514
41.474624,-81.594368
41.473029,-81.600719
41.473376,-81.600298
41.473371,-81.601611
41.473369,-81.602049
41.473369,-81.602195
41.473871,-81.59767099999999
41.473377,-81.60000600000001
41.473384,-81.5984
41.473048,-81.597736
41.473045,-81.598246
41.472626,-81.59477
41.472269,-81.595281
41.472262,-81.596303
41.47226,-81.596715
41.474173,-81.592207
41.474171000000005,-81.59172099999999
41.473859999999995,-81.593111
41.473779,-81.594297
41.472423,-81.592249
41.472324,-81.592249
41.471406,-81.59270500000001
41.471405,-81.592825
41.471346999999994,-81.594201
41.471779999999995,-81.593944
41.472275,-81.59319
41.473076,-81.592585
41.473074,-81.592946
41.473068,-81.593691
41.471825,-81.589325
41.472424,-81.59109000000001
41.472427,-81.589904
41.472888,-81.589228
41.470857,-81.60252
41.470216,-81.602513
41.469777,-81.602508
41.471378,-81.60136
41.47186,-81.60086
41.471956,-81.600862
41.472364,-81.600201
41.471051,-81.600174
41.470571,-81.600164
41.469898,-81.60015
41.469609999999996,-81.600144
41.472581,-81.599761
41.47258,-81.600011
41.472241,-81.60096999999999
41.468783,-81.602499
41.468074,-81.60078399999999
41.468412,-81.601298
41.472586,-81.598708
41.472595,-81.59775400000001
41.471007,-81.596098
41.470809,-81.596094
41.470709,-81.596091
41.469903,-81.596075
41.470695,-81.59780699999999
41.471854,-81.597827
41.471759999999996,-81.598499
41.471459,-81.598493
41.471261,-81.598489
41.471165,-81.598487
41.470877,-81.598481
41.470397,-81.59847099999999
41.470205,-81.59846800000001
41.46982,-81.59846
41.472371,-81.59902
41.469526,-81.598962
41.468303999999996,-81.598937
41.468195,-81.598935
41.469367,-81.59657800000001
41.46926,-81.596576
41.469133,-81.59657299999999
41.468785,-81.597257
41.469356,-81.597272
41.468897,-81.597771
41.467832,-81.597749
41.468156,-81.598423
41.468918,-81.598439
41.47051,-81.5954
41.470309,-81.595396
41.470207,-81.595393
41.470103,-81.595391
41.469999,-81.595389
41.470795,-81.594102
41.470027,-81.5941
41.468523,-81.595359
41.467867,-81.59534599999999
41.467836,-81.593541
41.468274,-81.59354300000001
41.468272999999996,-81.59409000000001
41.46783,-81.594829
41.46805,-81.594831
41.468379,-81.594835
41.471016,-81.592802
41.470346,-81.592799
41.469797,-81.592798
41.469687,-81.59279699999999
41.469028,-81.592795
41.468701,-81.59149000000001
41.469161,-81.591021
41.46993,-81.591024
41.470026000000004,-81.591024
41.470506,-81.591026
41.470602,-81.591027
41.470988,-81.591027
41.470036,-81.590464
41.469167,-81.59046
41.469055,-81.59046
41.469604,-81.590047
41.466425,-81.590034
41.46675,-81.590035
41.467193,-81.590037
41.467413,-81.590038
41.467851,-81.590455
41.467192,-81.590452
41.466661,-81.591011
41.468371000000005,-81.591489
41.466193,-81.591661
41.466632000000004,-81.592236
41.468728999999996,-81.589425
41.470378000000004,-81.58838100000001
41.4695,-81.58837700000001
41.467087,-81.58941999999999
41.466868,-81.58941999999999
41.466209,-81.589417
41.465234,-81.587897
41.465855,-81.587899
41.468187,-81.588371
41.467638,-81.588369
41.469590999999994,-81.586481
41.469341,-81.585599
41.469696,-81.585066
41.465635999999996,-81.587151
41.465517999999996,-81.587151
41.466746,-81.585585
41.467116,-81.586464
41.468013,-81.584335
41.468965999999995,-81.582657
41.46822,-81.582029
41.46833,-81.582029
41.468988,-81.582033
41.467674,-81.58133199999999
41.467344,-81.58133000000001
41.471256,-81.584352
41.469873,-81.581949
41.471052,-81.582669
41.470942,-81.582668
41.470721999999995,-81.582667
41.470393,-81.582665
41.470172999999996,-81.58266400000001
41.470357,-81.58312600000001
41.464703,-81.580372
41.464881,-81.577043
41.466128999999995,-81.579123
41.466227,-81.580111
41.466117,-81.58010999999999
41.465678000000004,-81.580105
41.466144,-81.580595
41.466693,-81.58059899999999
41.467651000000004,-81.580124
41.467766,-81.579557
41.468641999999996,-81.579146
41.467062,-81.578358
41.468931,-81.577775
41.468821000000005,-81.577774
41.468272,-81.57776899999999
41.469592,-81.58062199999999
41.469879999999996,-81.580624
41.470132,-81.577786
41.464271000000004,-81.598517
41.465918,-81.59854399999999
41.464415,-81.59976400000001
41.465185,-81.599809
41.464507,-81.600312
41.465829,-81.601461
41.465074,-81.601463
41.464834,-81.602087
41.466822,-81.60099
41.464701,-81.594808
41.464651,-81.594806
41.464543,-81.594806
41.464213,-81.594803
41.464826,-81.597809
41.464936,-81.597811
41.464502,-81.597263
41.464392,-81.597261
41.465276,-81.596551
41.465934999999995,-81.596562
41.466264,-81.59660600000001
41.464733,-81.596002
41.464301,-81.595275
41.46474,-81.595283
41.464082,-81.593968
41.46784,-81.657619
41.469453,-81.658774
41.464304999999996,-81.655867
41.464387,-81.65587
41.464634000000004,-81.655878
41.464246,-81.655135
41.463927000000005,-81.65431099999999
41.464009000000004,-81.654314
41.464256,-81.654322
41.465949,-81.654569
41.465907,-81.656065
41.46492,-81.656491
41.46495,-81.65561600000001
41.464127000000005,-81.65258299999999
41.465032,-81.652617
41.465431,-81.65327099999999
41.463289,-81.653601
41.463693,-81.653661
41.463776,-81.653664
41.463858,-81.653667
41.464104999999996,-81.653677
41.464515999999996,-81.653693
41.464687,-81.65061800000001
41.466702000000005,-81.655967
41.466716999999996,-81.655201
41.466722,-81.65498199999999
41.466726,-81.654763
41.466954,-81.65338299999999
41.467103,-81.653542
41.466423999999996,-81.65471099999999
41.459609,-81.663422
41.459666,-81.66356999999999
41.461433,-81.663613
41.461001,-81.66328299999999
41.461221,-81.661328
41.461434000000004,-81.663004
41.459096,-81.661651
41.459041,-81.661546
41.458366,-81.660263
41.458314,-81.660165
41.458296999999995,-81.66087900000001
41.458584,-81.662594
41.456775,-81.66238100000001
41.459648,-81.661426
41.459025,-81.66024200000001
41.458913,-81.660125
41.458488,-81.65920899999999
41.458329,-81.658906
41.460683,-81.66022
41.461023,-81.660101
41.461269,-81.659483
41.459952,-81.65943399999999
41.459842,-81.65943100000001
41.457898,-81.65827
41.457828000000006,-81.658208
41.457643,-81.657866
41.456386,-81.65474499999999
41.458016,-81.655305
41.456469,-81.655836
41.457351,-81.655868
41.457778000000005,-81.657823
41.459076,-81.658357
41.459374,-81.65836800000001
41.459578,-81.657956
41.458323,-81.65791
41.459554,-81.655377
41.460097999999995,-81.651416
41.45933,-81.651404
41.45971,-81.65185699999999
41.460186,-81.651864
41.460181,-81.652484
41.459604999999996,-81.65293199999999
41.460177,-81.65294
41.459796999999995,-81.653591
41.456714,-81.654061
41.457789,-81.65182800000001
41.457405,-81.651823
41.456829,-81.651814
41.458168,-81.652454
41.458361,-81.652457
41.457012,-81.652893
41.456532,-81.652886
41.456421999999996,-81.652885
41.458351,-81.653584
41.462661,-81.64972399999999
41.460716,-81.650814
41.460718,-81.650559
41.460232,-81.650533
41.458428999999995,-81.649485
41.456777,-81.650153
41.460969,-81.64664
41.459641,-81.64705500000001
41.460308000000005,-81.647761
41.460304,-81.64827199999999
41.459282,-81.64171800000001
41.458477,-81.64185400000001
41.458104,-81.64307
41.4581,-81.643215
41.457595,-81.644221
41.457602,-81.643929
41.456827000000004,-81.64213199999999
41.458186,-81.642447
41.457665999999996,-81.64139399999999
41.459301,-81.64826
41.459105,-81.645849
41.45734,-81.64651500000001
41.456691,-81.647018
41.456610999999995,-81.647017
41.458537,-81.647739
41.458874,-81.647743
41.454558,-81.654756
41.454454999999996,-81.654754
41.455633,-81.65074200000001
41.455112,-81.653581
41.455332,-81.653584
41.454491,-81.652822
41.454395,-81.652821
41.453528999999996,-81.65228499999999
41.454198,-81.652292
41.454679,-81.652298
41.454262,-81.65130699999999
41.455038,-81.651315
41.455147,-81.65131600000001
41.453417,-81.65068000000001
41.454372,-81.650279
41.452697,-81.650672
41.453055,-81.650676
41.453321,-81.651296
41.452774,-81.65129
41.452664,-81.652798
41.455689,-81.64868100000001
41.455356,-81.647405
41.455348,-81.647706
41.455315999999996,-81.648434
41.455287,-81.649839
41.45445,-81.64940899999999
41.453959999999995,-81.649427
41.453969,-81.64901
41.453598,-81.64930600000001
41.453117999999996,-81.64917
41.452789,-81.647805
41.45537,-81.646821
41.455366999999995,-81.646967
41.454875,-81.64653299999999
41.455474,-81.643024
41.455452,-81.643899
41.454983,-81.642599
41.454116,-81.643311
41.453728000000005,-81.64446
41.455884999999995,-81.641878
41.455888,-81.64173000000001
41.455907,-81.641001
41.455933,-81.63998000000001
41.454157,-81.641707
41.454644,-81.641853
41.455538,-81.64054499999999
41.455508,-81.641712
41.450071,-81.650671
41.452321000000005,-81.643264
41.452275,-81.645198
41.452272,-81.645344
41.451483,-81.645145
41.45053,-81.64399499999999
41.450528999999996,-81.644114
41.449869,-81.64393199999999
41.449736,-81.644593
41.44945,-81.645228
41.449114,-81.645786
41.449498999999996,-81.64579300000001
41.451285999999996,-81.64290600000001
41.452022,-81.63966500000001
41.448988,-81.642002
41.446683,-81.649854
41.445797,-81.645596
41.445696999999996,-81.64559399999999
41.447538,-81.642444
41.446453000000005,-81.642354
41.446836,-81.64502900000001
41.446419,-81.643936
41.446437,-81.643465
41.445249,-81.63953199999999
41.445236,-81.640298
41.445223,-81.641063
41.445671999999995,-81.641837
41.445685,-81.64107
41.446474,-81.64107800000001
41.447228,-81.64144300000001
41.447234,-81.641152
41.447590000000005,-81.640362
41.441099,-81.642158
41.44343,-81.639362
41.443434,-81.639085
41.443327000000004,-81.639085
41.441848,-81.639521
41.442232000000004,-81.641198
41.463159000000005,-81.632805
41.459312,-81.633726
41.461001,-81.633875
41.460254,-81.634328
41.459618,-81.63494399999999
41.461901,-81.62975
41.462752,-81.630308
41.461512,-81.63131899999999
41.461966,-81.63133
41.460096,-81.631777
41.459401,-81.630684
41.460946,-81.63027
41.460059,-81.63069399999999
41.453773,-81.633256
41.453852000000005,-81.633116
41.453942,-81.633124
41.454009,-81.6331
41.454572999999996,-81.632959
41.454427,-81.63212800000001
41.449126,-81.633248
41.449395,-81.633778
41.451324,-81.635636
41.450278999999995,-81.63396800000001
41.450619,-81.63336899999999
41.450707,-81.633471
41.451816,-81.63296700000001
41.452153,-81.63237
41.45178,-81.63246099999999
41.451322,-81.63258
41.450876,-81.632839
41.451285,-81.633314
41.452681,-81.634125
41.452942,-81.635059
41.451846999999994,-81.63506600000001
41.449024,-81.635538
41.449020000000004,-81.635677
41.448986,-81.637068
41.449940000000005,-81.63625400000001
41.449899,-81.63789399999999
41.45133,-81.638487
41.452081,-81.638529
41.452191,-81.638458
41.450994,-81.636744
41.452141999999995,-81.637786
41.453952,-81.638042
41.456447,-81.638611
41.455957,-81.637772
41.449075,-81.623592
41.450316,-81.622613
41.449740999999996,-81.621895
41.449892,-81.62299
41.44702,-81.637395
41.447671,-81.637989
41.447784999999996,-81.637991
41.447897,-81.63799300000001
41.447575,-81.637325
41.447404,-81.63730100000001
41.448081,-81.634557
41.445912,-81.636188
41.447129,-81.634709
41.447092,-81.63488199999999
41.448570000000004,-81.630922
41.447697999999995,-81.631361
41.44737,-81.63081
41.446865,-81.631411
41.447069,-81.631512
41.447177,-81.631412
41.447953000000005,-81.628602
41.448027,-81.628602
41.448107,-81.628602
41.448096,-81.629098
41.448006,-81.629098
41.447249,-81.62909599999999
41.446363,-81.62965600000001
41.447865,-81.63002900000001
41.447336,-81.630028
41.446301,-81.621624
41.443856,-81.637527
41.445177,-81.63566999999999
41.445081,-81.63761600000001
41.445083000000004,-81.63749
41.445093,-81.636994
41.445589,-81.636865
41.440681,-81.6382
41.441893,-81.63730699999999
41.441161,-81.63730799999999
41.441790000000005,-81.637771
41.442129,-81.638284
41.441812,-81.63834
41.441054,-81.638363
41.443335,-81.628723
41.442975,-81.628911
41.442528,-81.628763
41.442514,-81.631535
41.441817,-81.629504
41.441815000000005,-81.630041
41.441808,-81.63131800000001
41.441626,-81.629502
41.441627000000004,-81.629356
41.441629,-81.628773
41.441185,-81.629921
41.441182,-81.63063199999999
41.44127,-81.631915
41.443876,-81.627643
41.443878000000005,-81.627187
41.443346000000005,-81.626639
41.443338,-81.62807600000001
41.44298,-81.628036
41.442536,-81.627158
41.441633,-81.628043
41.441196000000005,-81.627587
41.440781,-81.627877
41.440782,-81.62773100000001
41.440936,-81.627138
41.443134,-81.625063
41.4417,-81.624719
41.440187,-81.631743
41.440193,-81.63126199999999
41.439135,-81.63213499999999
41.438033000000004,-81.631688
41.439556,-81.62776600000001
41.439329,-81.627925
41.43912,-81.62805300000001
41.439164,-81.629612
41.439459,-81.628853
41.439868,-81.628817
41.439865000000005,-81.629072
41.438514,-81.623676
41.437214000000004,-81.63303499999999
41.436869,-81.63186
41.436381,-81.63257800000001
41.436386999999996,-81.63214
41.436389,-81.63199399999999
41.437259000000005,-81.62968000000001
41.436893,-81.63010899999999
41.43488,-81.625264
41.434748,-81.617892
41.436031,-81.61845699999999
41.46087,-81.619928
41.461857,-81.620451
41.462052,-81.619405
41.462056,-81.61953299999999
41.462069,-81.619916
41.463321,-81.618436
41.462,-81.617944
41.461984,-81.617453
41.461472,-81.619147
41.461372,-81.61710500000001
41.461265999999995,-81.619058
41.460741,-81.61803499999999
41.460685,-81.616877
41.460273,-81.617012
41.460285999999996,-81.617581
41.462968,-81.616314
41.462496,-81.613543
41.460644,-81.614284
41.460638,-81.61399899999999
41.460632000000004,-81.613715
41.461090999999996,-81.61565300000001
41.461715999999996,-81.613893
41.461713,-81.614278
41.461642,-81.615329
41.458363,-81.620745
41.458482000000004,-81.620597
41.458486,-81.620013
41.459376,-81.620627
41.459381,-81.61999200000001
41.459763,-81.61889599999999
41.458904,-81.617175
41.458504,-81.617806
41.457539000000004,-81.61709
41.457561,-81.614182
41.461613,-81.61267600000001
41.461999,-81.612674
41.462968,-81.612669
41.461606,-81.611351
41.462053000000004,-81.61096500000001
41.4626,-81.610355
41.462709000000004,-81.60992399999999
41.460425,-81.611354
41.461282000000004,-81.61135
41.460812,-81.612184
41.461011,-81.612675
41.459477,-81.613014
41.461108,-81.613006
41.458683,-81.61219
41.458586,-81.61186
41.458005,-81.611863
41.45851,-81.61098100000001
41.46293,-81.608847
41.462777,-81.60381
41.462263,-81.604822
41.463035,-81.605314
41.462705,-81.605315
41.461867,-81.605333
41.461032,-81.6068
41.459024,-81.606186
41.459678000000004,-81.605736
41.45978,-81.605313
41.46011,-81.605311
41.460877,-81.605311
41.461431,-81.60534100000001
41.460015999999996,-81.60475
41.459468,-81.60475100000001
41.459052,-81.60475100000001
41.459687,-81.604325
41.460127,-81.604325
41.461114,-81.60441999999999
41.461135,-81.603788
41.458346999999996,-81.605175
41.458334,-81.606059
41.454469,-81.61926899999999
41.455339,-81.61930500000001
41.455666,-81.618648
41.456671,-81.615388
41.456042,-81.617194
41.457034,-81.614761
41.454512,-81.61327800000001
41.454572,-81.614311
41.45534,-81.610096
41.454927000000005,-81.612277
41.456427000000005,-81.607118
41.455635,-81.606227
41.455636,-81.606081
41.455295,-81.606228
41.455281,-81.60797600000001
41.454812,-81.608235
41.454815,-81.607853
41.454178000000006,-81.606053
41.454844,-81.604465
41.454833,-81.605932
41.455202,-81.60434599999999
41.452661,-81.61908100000001
41.453518,-81.619857
41.453540000000004,-81.617667
41.453542999999996,-81.617373
41.45323,-81.615441
41.453223,-81.616192
41.453216,-81.616925
41.453215,-81.617073
41.452153,-81.616692
41.452493,-81.61776400000001
41.454005,-81.613862
41.453466,-81.612287
41.452956,-81.612369
41.453895,-81.611374
41.453894,-81.611226
41.451622,-81.611464
41.453475,-81.608358
41.452005,-81.60850500000001
41.451626,-81.605929
41.452022,-81.605501
41.452026000000004,-81.60491400000001
41.449467999999996,-81.621063
41.451115,-81.61249699999999
41.45109,-81.611142
41.450807,-81.605649
41.44612,-81.616711
41.446236,-81.616219
41.446477,-81.61502800000001
41.446593,-81.615027
41.44869,-81.613043
41.448622,-81.611389
41.445516,-81.611727
41.44851,-81.612989
41.445875,-81.612537
41.44781,-81.61184
41.448665999999996,-81.60903
41.446345,-81.608987
41.447593,-81.610639
41.44836,-81.610118
41.44859,-81.60951800000001
41.446865,-81.60564000000001
41.447272999999996,-81.606085
41.446690000000004,-81.60614
41.446395,-81.606791
41.446396,-81.607264
41.446609,-81.607906
41.447016999999995,-81.604415
41.444293,-81.616514
41.443801,-81.616518
41.444195,-81.609013
41.444412,-81.608439
41.442858,-81.603179
41.442763,-81.603638
41.443434,-81.603638
41.462034,-81.599627
41.462252,-81.600987
41.462633000000004,-81.601443
41.462833,-81.597239
41.462833,-81.59751999999999
41.462297,-81.597531
41.4619,-81.59634399999999
41.461351,-81.59665
41.460944,-81.59604200000001
41.46093,-81.597799
41.460929,-81.597945
41.460929,-81.598091
41.461065999999995,-81.598972
41.46337,-81.593678
41.462882,-81.593528
41.462872999999995,-81.594918
41.462321,-81.59564
41.462322,-81.59549399999999
41.462328,-81.594619
41.461382,-81.59338000000001
41.461264,-81.592939
41.460964000000004,-81.59396
41.461676000000004,-81.590393
41.461295,-81.590841
41.462895,-81.591862
41.463477000000005,-81.58977800000001
41.461856,-81.587648
41.461057000000004,-81.589782
41.462345,-81.589786
41.461889,-81.589201
41.463623,-81.58671600000001
41.461528,-81.585584
41.463065,-81.58558599999999
41.462084000000004,-81.586343
41.461755,-81.586342
41.461096000000005,-81.586341
41.461205,-81.586892
41.461754,-81.586893
41.462303000000006,-81.586894
41.462632,-81.586894
41.461379,-81.60253399999999
41.461087,-81.602533
41.460029,-81.602532
41.461483,-81.601443
41.461174,-81.60036
41.461478,-81.59962800000001
41.457951,-81.601078
41.459444,-81.59953900000001
41.459443,-81.59990400000001
41.459472999999996,-81.60035400000001
41.459586,-81.600984
41.458232,-81.60144100000001
41.460392,-81.598677
41.4604,-81.59723199999999
41.458431,-81.598375
41.458433,-81.597791
41.458436999999996,-81.596626
41.458022,-81.59692
41.458019,-81.59808100000001
41.458018,-81.598519
41.460426,-81.593661
41.45904,-81.593355
41.459396999999996,-81.594892
41.460009,-81.59321899999999
41.459913,-81.59445699999999
41.458987,-81.59240799999999
41.459593,-81.590838
41.459483,-81.590838
41.459377,-81.59038199999999
41.459926,-81.590384
41.460255,-81.590385
41.46072,-81.589771
41.460743,-81.586889
41.460073,-81.58558199999999
41.459521,-81.58558199999999
41.460086,-81.586336
41.460305,-81.586336
41.457501,-81.596772
41.45709,-81.596618
41.456564,-81.598062
41.456522,-81.595063
41.456617,-81.593324
41.456613,-81.593813
41.457157,-81.592465
41.455976,-81.588577
41.457197,-81.589291
41.457716,-81.589578
41.457721,-81.588995
41.458109,-81.58811999999999
41.458104999999996,-81.58855799999999
41.458096000000005,-81.58958
41.456431,-81.585012
41.455481,-81.587358
41.455477,-81.587846
41.453601,-81.601214
41.454398,-81.59645400000001
41.452881,-81.596133
41.453343,-81.594691
41.453359000000006,-81.593644
41.453681,-81.594089
41.455059999999996,-81.58887299999999
41.452312,-81.585029
41.45231,-81.585184
41.452284000000006,-81.587372
41.454007,-81.587289
41.454699,-81.586866
41.451755,-81.59755
41.45165,-81.59859
41.451125,-81.599189
41.452126,-81.599194
41.450953000000005,-81.59363
41.45095,-81.593885
41.451325,-81.592875
41.44928,-81.588184
41.45016,-81.59031800000001
41.450528000000006,-81.588849
41.450523,-81.589287
41.450511999999996,-81.590308
41.450509999999994,-81.59045400000001
41.451594,-81.589151
41.451894,-81.587068
41.451909,-81.585898
41.451643,-81.584819
41.451633,-81.585603
41.450486,-81.584339
41.447404,-81.596069
41.445736,-81.596501
41.448739,-81.592933
41.448353000000004,-81.593221
41.446954999999996,-81.592192
41.446909999999995,-81.58785300000001
41.448392999999996,-81.58783000000001
41.448503,-81.58783000000001
41.448789,-81.58880400000001
41.44839,-81.590319
41.447502,-81.588555
41.446355,-81.58835699999999
41.447853,-81.587193
41.447743,-81.587193
41.447308,-81.587191
41.446696,-81.587189
41.448432000000004,-81.586712
41.447134999999996,-81.58481
41.443793,-81.59144599999999
41.442958000000004,-81.592334
41.444282,-81.592939
41.442467,-81.589753
41.442459,-81.590335
41.443675,-81.590354
41.44368,-81.589788
41.443571,-81.58978499999999
41.442713,-81.58874399999999
41.444068,-81.589285
41.443517,-81.58667
41.443397999999995,-81.586104
41.442013,-81.58579499999999
41.442011,-81.58594000000001
41.442009000000006,-81.586086
41.442959,-81.587293
41.443319,-81.583013
41.442574,-81.58232
41.442645,-81.582477
41.442777,-81.583248
41.442863,-81.583556
41.441990000000004,-81.584745
41.440743,-81.584304
41.440969,-81.583682
41.440753,-81.58323399999999
41.441302,-81.58324
41.441631,-81.58324300000001
41.441741,-81.58324499999999
41.442405,-81.582623
41.4415,-81.582612
41.440767,-81.580462
41.438908000000005,-81.583207
41.440397,-81.582601
41.437974,-81.58326600000001
41.438388,-81.584438
41.439854,-81.581479
41.439417999999996,-81.581046
41.43651,-81.582814
41.436495,-81.582963
41.436479999999996,-81.583108
41.436392,-81.584126
41.436955,-81.582962
41.464151,-81.5826
41.462458000000005,-81.58206
41.462325,-81.584243
41.460566,-81.584239
41.458427,-81.58365699999999
41.4592,-81.583659
41.458059999999996,-81.58258199999999
41.45828,-81.582583
41.459052,-81.582585
41.459381,-81.58258599999999
41.460479,-81.58259
41.459824,-81.582049
41.459604,-81.582048
41.459275,-81.582047
41.459654,-81.581641
41.455137,-81.582952
41.456196000000006,-81.58256899999999
41.456416,-81.582035
41.456309999999995,-81.582035
41.455129,-81.581624
41.454167,-81.581621
41.455032,-81.581624
41.450604,-81.583698
41.450162,-81.582604
41.451291999999995,-81.582623
41.451734,-81.581599
41.452028999999996,-81.583936
41.45203,-81.58379000000001
41.452049,-81.580415
41.450604999999996,-81.580479
41.451297,-81.581602
41.454986,-81.581024
41.453209,-81.579375
41.455039,-81.579719
41.45482,-81.579718
41.45609,-81.581027
41.456027,-81.579723
41.455591,-81.57908499999999
41.457383,-81.579099
41.45878,-81.581038
41.459746,-81.579123
41.460076,-81.579125
41.461387,-81.58104399999999
41.462252,-81.581046
41.461461,-81.57595400000001
41.462299,-81.577517
41.462078999999996,-81.577516
41.461201,-81.57750899999999
41.459644,-81.578114
41.459314,-81.57811099999999
41.459445,-81.577495
41.459773999999996,-81.57749799999999
41.460425,-81.575942
41.455053,-81.57745
41.451493,-81.573903
41.449974,-81.574595
41.454057,-81.573435
41.456693,-81.573947
41.458015,-81.575182
41.458566,-81.574701
41.460766,-81.573978
41.460656,-81.573977
41.459009,-81.573965
41.461960999999995,-81.57521700000001
41.450039000000004,-81.57103199999999
41.450331,-81.570929
41.456993,-81.56947199999999
41.455271999999994,-81.56030799999999
41.454492,-81.563703
41.453237,-81.556057
41.456009,-81.551675
41.455496999999994,-81.548374
41.446199,-81.570675
41.448167,-81.56942
41.441254,-81.566349
41.442987,-81.56921
41.442374,-81.56802900000001
41.444077,-81.56923
41.444165000000005,-81.56639
41.443531,-81.568721
41.442646,-81.55725799999999
41.448433,-81.582139
41.446232,-81.58369
41.446027,-81.580428
41.446475,-81.578932
41.446362,-81.57937
41.446139,-81.579988
41.448346,-81.578225
41.440534,-81.573181
41.439985,-81.573173
41.439655,-81.573169
41.438908000000005,-81.57044
41.438469,-81.570433
41.434732000000004,-81.580285
41.434629,-81.580286
41.434518,-81.57969
41.433791,-81.578283
41.433521,-81.57656800000001
41.432653,-81.580294
41.432506,-81.575455
41.432233000000004,-81.575124
41.431859,-81.57780799999999
41.431861,-81.576666
41.431864000000004,-81.575764
41.431995,-81.565259
41.431885,-81.566952
41.432781,-81.567757
41.432069,-81.565258
41.430298,-81.567675
41.440709999999996,-81.561853
41.436863,-81.562573
41.434481,-81.557053
41.434095,-81.557526
41.434478999999996,-81.55753
41.433707,-81.55811
41.43217,-81.558095
41.430366,-81.559102
41.432037,-81.563895
41.4341,-81.562313
41.400315,-81.934674
41.462106,-81.862318
41.472969,-81.844027
41.359590000000004,-81.746873
41.404669,-81.761253
41.40467,-81.76143499999999
41.452776,-81.665345
41.449775,-81.663353
41.447939,-81.661833
41.453111,-81.655151
41.449536,-81.65339300000001
41.450215,-81.65234
41.431334,-81.630248
41.42664,-81.624443
41.424597999999996,-81.623983
41.423789,-81.623418
41.423801,-81.619535
41.42129,-81.618768
41.432432,-81.614323
41.427215999999994,-81.610298
41.425782,-81.610656
41.425114,-81.597993
41.441562,-81.586505
41.440277,-81.586607
41.440754999999996,-81.584728
41.435970000000005,-81.593192
41.434762,-81.590423
41.388455,-81.611083
41.545891,-81.619061
41.600118,-81.540676
41.593278999999995,-81.54377
41.593277,-81.544055
41.592538,-81.54243100000001
41.592839,-81.542946
41.593884,-81.53234599999999
41.593957,-81.52745999999999
41.586836,-81.53663399999999
41.585240999999996,-81.535826
41.60246,-81.52849499999999
41.595839,-81.537982
41.597436,-81.53201899999999
41.590247,-81.525379
41.593588000000004,-81.519254
41.605565000000006,-81.504533
41.610268,-81.518939
41.619501,-81.499362
41.56321,-81.546091
41.57549,-81.524121
41.5627,-81.537245
41.56901,-81.521652
41.543968,-81.590675
41.543344,-81.590673
41.543248,-81.590672
41.543056,-81.590672
41.542768,-81.590671
41.542665,-81.590671
41.542764,-81.59017
41.543085999999995,-81.590173
41.543694,-81.590177
41.544081,-81.590181
41.544191,-81.590182
41.544298,-81.590182
41.544407,-81.590183
41.54452,-81.590184
41.544193,-81.589831
41.543568,-81.589826
41.543046999999994,-81.589325
41.543551,-81.589329
41.544196,-81.589334
41.544088,-81.588983
41.542771,-81.588972
41.542664,-81.588475
41.543652,-81.588482
41.544663,-81.588578
41.544332,-81.588093
41.543786,-81.58748100000001
41.542676,-81.58793399999999
41.540526,-81.58922700000001
41.540589000000004,-81.589687
41.541145,-81.589606
41.541008000000005,-81.589175
41.540789000000004,-81.587797
41.54078,-81.58750400000001
41.540775,-81.587358
41.541273,-81.587994
41.541272,-81.58850600000001
41.541563000000004,-81.589282
41.541567,-81.58811700000001
41.541568,-81.587678
41.541963,-81.58767900000001
41.541963,-81.587825
41.541962,-81.587971
41.541962,-81.58811700000001
41.541961,-81.588264
41.541961,-81.58841
41.541959999999996,-81.588848
41.541958,-81.589286
41.541957000000004,-81.58986999999999
41.542243,-81.589287
41.542243,-81.58914
41.542245,-81.588702
41.542246,-81.58855600000001
41.542248,-81.58811800000001
41.54225,-81.587533
41.539861,-81.587528
41.540225,-81.59077099999999
41.538979,-81.590592
41.53832,-81.59058900000001
41.538214,-81.589383
41.538984,-81.58869200000001
41.539094,-81.588693
41.539643,-81.588696
41.537521999999996,-81.58829399999999
41.53752,-81.588677
41.537545,-81.590597
41.536881,-81.590599
41.536429,-81.5906
41.536339,-81.5906
41.536161,-81.590601
41.535986,-81.590601
41.535722,-81.590602
41.535634,-81.590603
41.535821999999996,-81.58833800000001
41.535821999999996,-81.588192
41.535823,-81.588037
41.536111,-81.58964499999999
41.536577,-81.588417
41.536884,-81.587402
41.53688,-81.58816800000001
41.53688,-81.588296
41.536877000000004,-81.58893499999999
41.53725,-81.589445
41.537253,-81.588678
41.537255,-81.588295
41.537257000000004,-81.587911
41.537258,-81.587783
41.535453000000004,-81.59006600000001
41.535197,-81.590604
41.534935,-81.59060500000001
41.534141,-81.59060600000001
41.533184000000006,-81.589545
41.533184999999996,-81.589407
41.533184999999996,-81.58926600000001
41.533188,-81.58867
41.533487,-81.589333
41.533896999999996,-81.589549
41.533906,-81.58765
41.534185,-81.58794499999999
41.534575,-81.59008299999999
41.534576,-81.58994799999999
41.534579,-81.589409
41.535206,-81.589119
41.530943,-81.590616
41.532761,-81.589535
41.532769,-81.587942
41.532464000000004,-81.588661
41.532039000000005,-81.588963
41.530377,-81.588835
41.529881,-81.589125
41.529374,-81.589435
41.528296000000005,-81.590659
41.529519,-81.59037
41.530392,-81.587657
41.530105999999996,-81.587215
41.529949,-81.587629
41.529695000000004,-81.588077
41.529351,-81.5874
41.528824,-81.588636
41.52852,-81.588122
41.528288,-81.58923100000001
41.527464,-81.589876
41.527636,-81.590162
41.529002,-81.589045
41.53071,-81.587886
41.539326,-81.583033
41.539373,-81.583411
41.539404,-81.583663
41.537518,-81.585522
41.537281,-81.582954
41.537892,-81.582859
41.538156,-81.583099
41.538298,-81.584385
41.538806,-81.585732
41.538731,-81.585082
41.539033,-81.58555799999999
41.539352,-81.585237
41.539336,-81.585102
41.539108,-81.583208
41.538734999999996,-81.578292
41.538782,-81.57866999999999
41.538845,-81.579175
41.538971000000004,-81.580184
41.539007,-81.582378
41.53893,-81.581747
41.538793,-81.580611
41.538716,-81.57998
41.538624,-81.579223
41.538609,-81.57909599999999
41.538263,-81.579015
41.538665,-81.58243
41.538361,-81.58184
41.538216999999996,-81.58057600000001
41.538202000000005,-81.58045
41.537715000000006,-81.579107
41.537784,-81.57974
41.537797999999995,-81.57986600000001
41.53784,-81.58024499999999
41.537853999999996,-81.580372
41.537882,-81.580625
41.537952000000004,-81.581257
41.538018,-81.581858
41.53805,-81.582143
41.537847,-81.58244
41.537672,-81.580795
41.53755,-81.579655
41.53719,-81.581979
41.537073,-81.58071
41.53705,-81.58045600000001
41.535533,-81.585934
41.535672999999996,-81.58359200000001
41.535711,-81.58422900000001
41.535807,-81.585923
41.536159000000005,-81.585277
41.536115,-81.58449399999999
41.536094,-81.584111
41.536315,-81.58341899999999
41.536359000000004,-81.58408299999999
41.536426,-81.585111
41.536443,-81.585374
41.536873,-81.585916
41.536845,-81.585535
41.536777,-81.584626
41.536951,-81.583445
41.537015000000004,-81.58420699999999
41.53672,-81.58068399999999
41.536465,-81.580463
41.536493,-81.580845
41.536522,-81.581226
41.536559999999994,-81.581735
41.536569,-81.581862
41.536578999999996,-81.58199
41.536637,-81.582762
41.536125,-81.580526
41.535596999999996,-81.581514
41.535582,-81.581131
41.535357,-81.582035
41.535358,-81.582163
41.533984000000004,-81.583483
41.533984999999994,-81.583337
41.533582,-81.583937
41.544919,-81.58165600000001
41.54492,-81.581515
41.544923,-81.581058
41.544933,-81.579853
41.544621,-81.579272
41.544004,-81.580178
41.543797,-81.581088
41.544399,-81.58164599999999
41.544270000000004,-81.582082
41.544078000000006,-81.582081
41.542238,-81.580694
41.542238,-81.580102
41.542239,-81.57995600000001
41.542239,-81.579521
41.543191,-81.58030500000001
41.543195000000004,-81.579613
41.543504999999996,-81.579976
41.543638,-81.575715
41.543556,-81.575681
41.543183,-81.575559
41.543106,-81.575784
41.544265,-81.57691700000001
41.54435,-81.57701
41.542778999999996,-81.57616999999999
41.54224,-81.578941
41.542653,-81.578597
41.542654999999996,-81.577574
41.542656,-81.577428
41.543198,-81.578611
41.543563,-81.578905
41.543564,-81.578467
41.544728000000006,-81.58487
41.544313,-81.58596899999999
41.544309999999996,-81.585847
41.544351,-81.58399399999999
41.543898999999996,-81.58471
41.543772,-81.585015
41.544218,-81.586256
41.542396000000004,-81.584626
41.543704,-81.58465100000001
41.543275,-81.583991
41.54248,-81.583547
41.542809999999996,-81.583549
41.543709,-81.583554
41.544325,-81.583504
41.543937,-81.583003
41.542389,-81.58263000000001
41.543444,-81.582634
41.542286,-81.58263000000001
41.542260999999996,-81.583547
41.540495,-81.584722
41.540088,-81.586003
41.541529,-81.585022
41.540935,-81.585305
41.540279999999996,-81.58586
41.540609,-81.585848
41.541259000000004,-81.583937
41.541659,-81.581897
41.541703999999996,-81.582135
41.541501000000004,-81.582135
41.541607,-81.582628
41.54159,-81.583487
41.541662,-81.578985
41.540002,-81.580965
41.540809,-81.580349
41.541058,-81.579702
41.541664000000004,-81.578383
41.541145,-81.578541
41.541919,-81.576284
41.541666,-81.57706800000001
41.517863,-81.59557
41.520014,-81.598163
41.517687,-81.59607
41.517828,-81.596333
41.517947,-81.59654
41.518429,-81.59629
41.518375,-81.59619599999999
41.527157,-81.59734300000001
41.528248,-81.597363
41.530253,-81.597402
41.529029,-81.596756
41.527124,-81.595524
41.527122,-81.59539699999999
41.527421999999994,-81.595354
41.527577,-81.596862
41.527993,-81.595446
41.527943,-81.595291
41.529761,-81.59499
41.530097999999995,-81.595363
41.528959,-81.593273
41.528787,-81.5929
41.528672,-81.59264300000001
41.528584,-81.59245899999999
41.530339,-81.594177
41.530153000000006,-81.593193
41.530374,-81.592865
41.530068,-81.592389
41.530264,-81.592061
41.530398,-81.591587
41.529852000000005,-81.592225
41.529852000000005,-81.593028
41.528731,-81.591594
41.528506,-81.592543
41.527037,-81.59438399999999
41.526222,-81.597821
41.525882,-81.59781600000001
41.524155,-81.597792
41.524041,-81.59779
41.523916,-81.597789
41.52353,-81.595372
41.523859,-81.595376
41.524189,-81.59538
41.524297999999995,-81.595382
41.525616,-81.595399
41.52608,-81.59574599999999
41.523764,-81.59626899999999
41.525287,-81.596289
41.526011,-81.596711
41.525809,-81.59670799999999
41.525709,-81.596707
41.524159000000004,-81.596686
41.525389000000004,-81.59734499999999
41.526655,-81.597362
41.526275,-81.59498
41.525609,-81.594971
41.525178000000004,-81.594966
41.52386,-81.594949
41.523359,-81.594583
41.524167,-81.59241
41.524993,-81.592318
41.525101,-81.592741
41.524442,-81.592745
41.524023,-81.593377
41.52499,-81.593376
41.526053999999995,-81.593375
41.526438,-81.593375
41.526534000000005,-81.593307
41.526737,-81.59330600000001
41.52664,-81.593574
41.526208000000004,-81.593912
41.526098,-81.593911
41.523992,-81.593898
41.525043,-81.594566
41.525447,-81.594572
41.525756,-81.594575
41.526629,-81.594585
41.526742999999996,-81.594638
41.526713,-81.594462
41.526771000000004,-81.594461
41.521782,-81.596797
41.521582,-81.597365
41.521097,-81.597148
41.520378,-81.597727
41.520716,-81.597764
41.521956,-81.59483
41.520984999999996,-81.593151
41.519569,-81.59370600000001
41.519451000000004,-81.593827
41.519236,-81.59391600000001
41.519033,-81.594274
41.518924,-81.594385
41.51903,-81.595302
41.519096999999995,-81.59541800000001
41.519451000000004,-81.59523399999999
41.519384,-81.595118
41.519143,-81.594622
41.519443,-81.594275
41.519526,-81.594421
41.519593,-81.594537
41.520069,-81.594738
41.519802,-81.594274
41.520084999999995,-81.593837
41.520140999999995,-81.59394
41.520653,-81.59418000000001
41.518795000000004,-81.594981
41.520367,-81.59434
41.520196,-81.594045
41.519353,-81.59411899999999
41.522395,-81.594577
41.523922,-81.590292
41.524964000000004,-81.589219
41.524993,-81.589985
41.525219,-81.588471
41.527201,-81.58742099999999
41.527181,-81.586541
41.527444,-81.586987
41.528478,-81.586895
41.516436,-81.594981
41.516378,-81.59488
41.516319,-81.594778
41.516261,-81.594677
41.516203000000004,-81.594576
41.516144,-81.594474
41.516086,-81.594373
41.516027,-81.59427099999999
41.515969,-81.59416999999999
41.515910999999996,-81.59406800000001
41.515852,-81.593967
41.516096999999995,-81.595098
41.516242,-81.595348
41.517825,-81.594581
41.518041,-81.593518
41.517831,-81.59315699999999
41.517764,-81.59304200000001
41.517696,-81.592926
41.517629,-81.592811
41.517562,-81.59269599999999
41.517019,-81.59176500000001
41.516952,-81.59165
41.516471,-81.590362
41.516216,-81.590811
41.516138,-81.590886
41.516059999999996,-81.590962
41.51598,-81.59104
41.515903,-81.59111700000001
41.516331,-81.59118199999999
41.516397999999995,-81.59129899999999
41.516599,-81.591646
41.516666,-81.591762
41.516733,-81.59187800000001
41.516799,-81.591994
41.516867,-81.59210999999999
41.516934,-81.592226
41.517067,-81.592458
41.517105,-81.59260400000001
41.517171999999995,-81.59272
41.517268,-81.59280600000001
41.517334999999996,-81.592925
41.517404,-81.593037
41.517485,-81.593183
41.517602000000004,-81.593385
41.517669,-81.5935
41.517734999999995,-81.593615
41.517802,-81.593731
41.517509000000004,-81.594031
41.517441,-81.593915
41.517375,-81.593799
41.517241999999996,-81.593568
41.517175,-81.593452
41.517042,-81.59322
41.516841,-81.592873
41.516775,-81.59275699999999
41.516708,-81.592641
41.516641,-81.592525
41.516574,-81.592409
41.516508,-81.59229300000001
41.516441,-81.592177
41.516374,-81.592061
41.516172999999995,-81.591714
41.516106,-81.591598
41.51608,-81.59143900000001
41.516283,-81.592474
41.516342,-81.592575
41.516459000000005,-81.59277800000001
41.516575,-81.59298100000001
41.516872,-81.593496
41.517031,-81.59377099999999
41.517184,-81.594038
41.517256,-81.594163
41.517311,-81.594257
41.516949,-81.594459
41.516832,-81.594256
41.516774,-81.594155
41.516715000000005,-81.594053
41.516657,-81.593952
41.516597999999995,-81.59385
41.516365,-81.59344399999999
41.51619,-81.59314
41.515898,-81.59263299999999
41.516152000000005,-81.593663
41.51621,-81.59376400000001
41.516269,-81.593866
41.516327000000004,-81.593967
41.516560999999996,-81.594373
41.516736,-81.594677
41.517293,-81.592304
41.517140000000005,-81.591972
41.517396000000005,-81.592411
41.517278999999995,-81.592624
41.517314,-81.592337
41.517365000000005,-81.59235799999999
41.517210999999996,-81.592093
41.517454,-81.59312800000001
41.519119,-81.592966
41.519238,-81.592844
41.518056,-81.589148
41.517286,-81.591295
41.517365000000005,-81.591427
41.517437,-81.591548
41.517573999999996,-81.59178
41.517643,-81.591894
41.518051,-81.592582
41.518119,-81.59269599999999
41.518188,-81.592812
41.518256,-81.592926
41.518392,-81.593174
41.51761,-81.59122099999999
41.51748,-81.59100600000001
41.517885,-81.590767
41.518361,-81.591549
41.518645,-81.59138399999999
41.518208,-81.589745
41.519327000000004,-81.588037
41.518823,-81.58847800000001
41.520094,-81.58942900000001
41.520161,-81.589545
41.520795,-81.586754
41.520563,-81.587621
41.521389,-81.586898
41.520995,-81.589141
41.524190000000004,-81.586209
41.524781,-81.586339
41.525063,-81.586049
41.526781,-81.582701
41.527253,-81.582196
41.528742,-81.58162
41.52571,-81.581963
41.526711999999996,-81.581275
41.52798,-81.581273
41.526534999999996,-81.581076
41.530601000000004,-81.579226
41.530457,-81.579223
41.529469,-81.579199
41.528687,-81.58033499999999
41.529374,-81.580779
41.5293,-81.580658
41.529161,-81.580432
41.529231,-81.579796
41.52995,-81.581068
41.529740999999994,-81.57957900000001
41.52987,-81.579704
41.529685,-81.580717
41.529778,-81.58005899999999
41.531871,-81.579596
41.531621,-81.578804
41.531194,-81.578938
41.529689000000005,-81.578425
41.529409,-81.57840999999999
41.529131,-81.578338
41.517896,-81.580946
41.51782,-81.580947
41.516234000000004,-81.576583
41.544564,-81.569519
41.541114,-81.57355
41.541042,-81.573436
41.540960999999996,-81.573337
41.541778,-81.571405
41.541892,-81.571577
41.541965000000005,-81.571686
41.54211,-81.571905
41.542656,-81.572727
41.542801000000004,-81.572947
41.543159,-81.57256
41.544066,-81.571679
41.544615,-81.57115
41.544777,-81.570987
41.544154,-81.570863
41.542677000000005,-81.569788
41.542494,-81.571585
41.54257,-81.571691
41.543040999999995,-81.57106
41.543646,-81.571352
41.543494,-81.57114
41.543036,-81.5705
41.542964000000005,-81.57039
41.542812,-81.570146
41.542737,-81.570027
41.543078,-81.56966
41.543231,-81.569906
41.543304,-81.570024
41.540682000000004,-81.57503
41.539842,-81.574556
41.539687,-81.574376
41.539443,-81.57409200000001
41.539543,-81.573365
41.539943,-81.5738
41.540036,-81.573909
41.538571000000005,-81.57634399999999
41.539106,-81.576002
41.538605,-81.574524
41.537511,-81.577773
41.537153,-81.57831
41.536854999999996,-81.577832
41.535132,-81.579984
41.534985999999996,-81.579738
41.534543,-81.57899300000001
41.535469,-81.579711
41.535219,-81.57929
41.53504,-81.578989
41.531609,-81.582291
41.532063,-81.581376
41.532472999999996,-81.581902
41.532539,-81.581986
41.532592,-81.582054
41.533326,-81.575872
41.53308,-81.57539200000001
41.535184,-81.57508399999999
41.5335,-81.573972
41.533871999999995,-81.575642
41.537811,-81.571423
41.537735,-81.57131899999999
41.536969,-81.570927
41.537279999999996,-81.571297
41.537599,-81.5717
41.538067,-81.572349
41.537145,-81.571853
41.538803,-81.571783
41.538205,-81.570715
41.538732,-81.569503
41.539346,-81.57044
41.538977,-81.568628
41.540163,-81.568478
41.54034,-81.567949
41.541101,-81.56899200000001
41.540960999999996,-81.56764100000001
41.540884000000005,-81.567537
41.543775,-81.562893
41.544515999999994,-81.559881
41.54501,-81.55893499999999
41.538393,-81.555851
41.539984999999994,-81.56353
41.539893,-81.563594
41.538307,-81.56376999999999
41.536357,-81.568577
41.535187,-81.566467
41.53154,-81.569108
41.523776,-81.56809799999999
41.534982,-81.565321
41.533535,-81.564477
41.536215999999996,-81.557066
41.534881,-81.558948
41.533553999999995,-81.560108
41.532475,-81.559853
41.532336,-81.557204
41.5336,-81.55538
41.533173,-81.551902
41.535308,-81.553111
41.541907,-81.54901600000001
41.53727,-81.548553
41.537696999999994,-81.554618
41.536999,-81.552426
41.535714,-81.54732
41.532021,-81.533929
41.5278,-81.53691500000001
41.525909999999996,-81.541588
41.525504999999995,-81.54154100000001
41.519669,-81.542332
41.509415999999995,-81.542947
41.510225,-81.550517
41.506057,-81.55162800000001
41.505748,-81.550024
41.512505,-81.580827
41.515333,-81.579678
41.513045,-81.568164
41.507014,-81.579651
41.507104999999996,-81.571158
41.509756,-81.56166800000001
41.510884000000004,-81.561246
41.510419,-81.560824
41.515259,-81.566459
41.51396,-81.556511
41.494517,-81.579662
41.505417,-81.563251
41.503634000000005,-81.56150600000001
41.504521000000004,-81.563091
41.501556,-81.55926099999999
41.499342,-81.562399
41.501048,-81.559349
41.500535,-81.556765
41.495917,-81.55523000000001
41.494713,-81.552897
41.489499,-81.549159
41.539996,-81.537715
41.524477000000005,-81.53101
41.536532,-81.497646
41.524842,-81.499387
41.520333,-81.50352
41.497443,-81.537852
41.460916,-81.569511
41.452346999999996,-81.539067
41.451476,-81.53813199999999
41.444947,-81.543355
41.426432,-81.539372
41.410362,-81.560652
41.40831,-81.55370699999999
41.412296999999995,-81.558741
41.41198,-81.55769699999999
41.424126,-81.55273100000001
41.419847,-81.554912
41.421385,-81.556134
41.422064,-81.548572
41.423176,-81.54653
41.423628,-81.54915600000001
41.423615999999996,-81.540688
41.42323,-81.533585
41.421231,-81.531033
41.420403,-81.528675
41.423225,-81.53101099999999
41.418094,-81.546906
41.412376,-81.555948
41.41231,-81.56651600000001
41.41103,-81.567429
41.409021,-81.565719
41.409075,-81.564828
41.408024,-81.56608
41.407037,-81.563132
41.406636,-81.561696
41.417534,-81.583676
41.418524,-81.582604
41.406482000000004,-81.576433
41.406134,-81.57628100000001
41.403195000000004,-81.571442
41.402452000000004,-81.574347
41.399174,-81.56831
41.517592,-81.454695
